hari,tanggal,time WITA,sport,competition,title,home,away,channel_1,channel_2,channel_3,channel_4,channel_5,channel_6,channel_7,channel_8,event_url
"Minggu","08-03-2026","08:0","Ice-Hockey","NHL","Montreal-Canadiens vs Los-Angeles-Kings","Montreal-Canadiens","Los-Angeles-Kings","Premier Sports 2","","","","","","","",""
"Minggu","08-03-2026","08:0","Ice-Hockey","NHL","Vancouver-Canucks vs Winnipeg-Jets","Vancouver-Canucks","Winnipeg-Jets","NHL.TV","","","","","","","",""
"Minggu","08-03-2026","08:0","Ice-Hockey","NHL","Tampa-Bay-Lightning vs Toronto-Maple-Leafs","Tampa-Bay-Lightning","Toronto-Maple-Leafs","NHL.TV","","","","","","","",""
"Minggu","08-03-2026","08:0","Ice-Hockey","NHL","Utah-Mammoth vs Columbus-Blue-Jackets","Utah-Mammoth","Columbus-Blue-Jackets","NHL.TV","","","","","","","",""
"Minggu","08-03-2026","08:0","Football","FIFA Women's World Cup 2027","Papua-New-Guinea-Women vs Fiji-Women","Papua-New-Guinea-Women","Fiji-Women","FIFA+","","","","","","","",""
"Minggu","08-03-2026","08:25","Motorsport","","Formula 2 Series Australia","Formula 2 Series Australia","","Sky Sports F1","Sky Sports Ultra HDR","","","","","","",""
"Minggu","08-03-2026","08:30","Football","MLS","Atlanta-United vs Real-Salt-Lake","Atlanta-United","Real-Salt-Lake","Apple TV","","","","","","","",""
"Minggu","08-03-2026","08:30","Football","MLS","Charlotte-FC vs Austin-FC","Charlotte-FC","Austin-FC","Apple TV","","","","","","","",""
"Minggu","08-03-2026","08:30","Football","MLS","Columbus-Crew vs Chicago-Fire","Columbus-Crew","Chicago-Fire","Apple TV","","","","","","","",""
"Minggu","08-03-2026","08:30","Football","MLS","Philadelphia-Union vs San-Jose-Earthquakes","Philadelphia-Union","San-Jose-Earthquakes","Apple TV","","","","","","","",""
"Minggu","08-03-2026","09:0","Basketball","NBA","Memphis-Grizzlies vs Los-Angeles-Clippers","Memphis-Grizzlies","Los-Angeles-Clippers","NBA League Pass","","","","","","","",""
"Minggu","08-03-2026","09:0","Basketball","NBA","Milwaukee-Bucks vs Utah-Jazz","Milwaukee-Bucks","Utah-Jazz","NBA League Pass","","","","","","","",""
"Minggu","08-03-2026","09:0","Baseball","","USA vs Great-Britain","USA","Great-Britain","TNT Sports 3","Discovery+ Premium","","","","","","",""
"Minggu","08-03-2026","09:30","Football","MLS","Nashville-SC vs Minnesota-United","Nashville-SC","Minnesota-United","Apple TV","","","","","","","",""
"Minggu","08-03-2026","09:30","Football","MLS","Sporting-Kansas-City vs San-Diego-FC","Sporting-Kansas-City","San-Diego-FC","Apple TV","","","","","","","",""
"Minggu","08-03-2026","09:30","Football","MLS","St-Louis-City-SC vs Seattle-Sounders-FC","St-Louis-City-SC","Seattle-Sounders-FC","Apple TV","","","","","","","",""
"Minggu","08-03-2026","09:30","Basketball","NBA","Oklahoma-City-Thunder vs Golden-State-Warriors","Oklahoma-City-Thunder","Golden-State-Warriors","NBA League Pass","","","","","","","",""
"Minggu","08-03-2026","10:0","UFC","","MMA","MMA","","TNT Sports 1","Discovery+ Premium","","","","","","",""
"Minggu","08-03-2026","10:0","Football","A-League Men","Auckland-FC vs Perth-Glory","Auckland-FC","Perth-Glory","TNT Sports Extra","Discovery+ Premium","","","","","","",""
"Minggu","08-03-2026","10:0","Tennis","","BNP Paribas Open","BNP Paribas Open","","Sky Sports Main Event","Sky Sports Tennis","Sky Sports Ultra HDR","Sky Sports+","","","","",""
"Minggu","08-03-2026","10:30","Football","MLS","Colorado-Rapids vs LA-Galaxy","Colorado-Rapids","LA-Galaxy","Apple TV","","","","","","","",""
"Minggu","08-03-2026","11:0","Ice-Hockey","NHL","Ottawa-Senators vs Seattle-Kraken","Ottawa-Senators","Seattle-Kraken","NHL.TV","","","","","","","",""
"Minggu","08-03-2026","11:0","Ice-Hockey","NHL","Carolina-Hurricanes vs Calgary-Flames","Carolina-Hurricanes","Calgary-Flames","Premier Sports 1","","","","","","","",""
"Minggu","08-03-2026","11:0","Ice-Hockey","NHL","New-York-Islanders vs San-Jose-Sharks","New-York-Islanders","San-Jose-Sharks","NHL.TV","","","","","","","",""
"Minggu","08-03-2026","11:30","Football","MLS","Los-Angeles-FC vs FC-Dallas","Los-Angeles-FC","FC-Dallas","Apple TV","","","","","","","",""
"Minggu","08-03-2026","11:30","Football","MLS","Portland-Timbers vs Vancouver","Portland-Timbers","Vancouver","Apple TV","","","","","","","",""
"Minggu","08-03-2026","11:55","Football","","Fagiano-Okayama vs Kyoto-Sanga-FC","Fagiano-Okayama","Kyoto-Sanga-FC","YouTube","","","","","","","",""
"Minggu","08-03-2026","12:0","Formula 1","","Australian Grand Prix","Australian Grand Prix","","Sky Sports Main Event","Sky Sports F1","Sky Sports App","Sky Sports Ultra HDR","","","","",""
"Minggu","08-03-2026","12:0","Golf","","Blue Bay LPGA","Blue Bay LPGA","","Sky Sports Golf","","","","","","","",""
"Minggu","08-03-2026","12:0","Golf","","Ford Women's NSW Open Championship","Ford Women's NSW Open Championship","","Sky Sports Mix","","","","","","","",""
"Minggu","08-03-2026","12:35","Golf","","LIV Golf Hong Kong","LIV Golf Hong Kong","","TNT Sports 2","Discovery+ Premium","","","","","","",""
"Minggu","08-03-2026","13:5","Rugby-League","NRL","Dolphins vs South-Sydney-Rabbitohs","Dolphins","South-Sydney-Rabbitohs","Watch NRL","","","","","","","",""
"Minggu","08-03-2026","13:30","Cricket","","Australia-Women vs India-Women","Australia-Women","India-Women","TNT Sports 2","TNT Sports 4","Discovery+ Premium","","","","","",""
"Minggu","08-03-2026","16:0","Cycling","","UCI Track Cycling World Cup","UCI Track Cycling World Cup","","TNT Sports Extra","Discovery+","","","","","","",""
"Minggu","08-03-2026","16:15","Winter Sports","","Alpine Skiing World Cup","Alpine Skiing World Cup","","TNT Sports 1","TNT Sports Extra","Discovery+ Premium","","","","","",""
"Minggu","08-03-2026","16:20","Australian-Rules-Football","AFL","St-Kilda vs Collingwood","St-Kilda","Collingwood","TNT Sports 3","Watch AFL","Discovery+ Premium","","","","","",""
"Minggu","08-03-2026","17:0","Golf","","Joburg Open","Joburg Open","","Sky Sports Golf","","","","","","","",""
"Minggu","08-03-2026","17:0","Football","","Australia-Women vs South-Korean-Women","Australia-Women","South-Korean-Women","OneFootball","YouTube","","","","","","",""
"Minggu","08-03-2026","17:0","Football","","Iran-Women vs Philippines-Women","Iran-Women","Philippines-Women","OneFootball","YouTube","","","","","","",""
"Minggu","08-03-2026","17:0","Winter Sports","","Snowboarding World Cup","Snowboarding World Cup","","TNT Sports 2","Discovery+ Premium","","","","","","",""
"Minggu","08-03-2026","17:30","Winter Sports","","Luge World Cup","Luge World Cup","","TNT Sports Extra","Discovery+","","","","","","",""
"Minggu","08-03-2026","17:45","Winter Sports","","Alpine Skiing World Cup","Alpine Skiing World Cup","","TNT Sports 1","Discovery+ Premium","","","","","","",""
"Minggu","08-03-2026","18:45","Winter Sports","","Luge World Cup","Luge World Cup","","TNT Sports Extra","Discovery+","","","","","","",""
"Minggu","08-03-2026","19:15","Winter Sports","","Alpine Skiing World Cup","Alpine Skiing World Cup","","TNT Sports 1","TNT Sports Extra","Discovery+ Premium","","","","","",""
"Minggu","08-03-2026","19:15","Winter Sports","","Cross Country Skiing World Cup","Cross Country Skiing World Cup","","TNT Sports 3","TNT Sports Extra","Discovery+ Premium","","","","","",""
"Minggu","08-03-2026","19:30","Football","Serie A","Lecce vs Cremonese","Lecce","Cremonese","DAZN","","","","","","","",""
"Minggu","08-03-2026","19:30","Football","","VFB-Stuttgart-U19 vs FC-Koln-U19","VFB-Stuttgart-U19","FC-Koln-U19","German Football YouTube","DFB Play","","","","","","",""
"Minggu","08-03-2026","20:0","Football","League One","AFC-Wimbledon vs Northampton-Town","AFC-Wimbledon","Northampton-Town","Sky Sports Football","","","","","","","",""
"Minggu","08-03-2026","20:0","Football","FA Cup","Fulham vs Southampton","Fulham","Southampton","TNT Sports 2","Discovery+ Premium","","","","","","",""
"Minggu","08-03-2026","20:0","Winter Sports","","Snowboarding World Cup","Snowboarding World Cup","","TNT Sports Extra","Discovery+","","","","","","",""
"Minggu","08-03-2026","20:15","Winter Sports","","Luge World Cup","Luge World Cup","","TNT Sports Extra","Discovery+","","","","","","",""
"Minggu","08-03-2026","20:30","Winter Sports","","Biathlon World Cup","Biathlon World Cup","","TNT Sports Extra","Discovery+ Premium","","","","","","",""
"Minggu","08-03-2026","20:30","Football","Belgian Pro League","Club-Brugge-KV vs Anderlecht","Club-Brugge-KV","Anderlecht","DAZN","","","","","","","",""
"Minggu","08-03-2026","20:30","Football","Bundesliga 2","Hannover-96 vs Greuther-Furth","Hannover-96","Greuther-Furth","Bundesliga YouTube","","","","","","","",""
"Minggu","08-03-2026","20:30","Football","Bundesliga 2","Karlsruher vs Dynamo-Dresden","Karlsruher","Dynamo-Dresden","Bundesliga YouTube","","","","","","","",""
"Minggu","08-03-2026","20:30","Football","Bundesliga 2","Preussen-Munster vs Hertha-Berlin","Preussen-Munster","Hertha-Berlin","Bundesliga YouTube","","","","","","","",""
"Minggu","08-03-2026","20:30","Football","","SV-Waldhof-Mannheim vs TSV-Havelse","SV-Waldhof-Mannheim","TSV-Havelse","DFB Play","","","","","","","",""
"Minggu","08-03-2026","21:0","Football","La Liga","Villarreal vs Elche","Villarreal","Elche","Premier Sports 2","","","","","","","",""
"Minggu","08-03-2026","21:0","Football","","Rangers vs Celtic","Rangers","Celtic","Premier Sports 1","","","","","","","",""
"Minggu","08-03-2026","21:0","Darts","","Ladbrokes UK Open","Ladbrokes UK Open","","ITV4","ITVX","","","","","","",""
"Minggu","08-03-2026","21:0","Horse Racing","","Live Racing","Live Racing","","RacingTV","","","","","","","",""
"Minggu","08-03-2026","21:0","Horse Racing","","Raceday Live","Raceday Live","","Sky Sports Racing","","","","","","","",""
"Minggu","08-03-2026","21:15","GAA","","Clare vs Wexford","Clare","Wexford","GAA+","TG4","","","","","","",""
"Minggu","08-03-2026","21:30","Cricket","ICC T20 World Cup","New-Zealand vs India","New-Zealand","India","Sky Sports Main Event","Sky Sports Cricket","Sky Sports Ultra HDR","","","","","",""
"Minggu","08-03-2026","21:30","Rugby-Union","Premiership Rugby Cup","Exeter-Chiefs vs Northampton","Exeter-Chiefs","Northampton","TNT Sports 3","Discovery+ Premium","","","","","","",""
"Minggu","08-03-2026","21:30","Football","","Rhyl vs Caernarfon-Town","Rhyl","Caernarfon-Town","BBC iPlayer","S4C Online","","","","","","",""
"Minggu","08-03-2026","21:30","Football","FA Cup","Port-Vale vs Sunderland","Port-Vale","Sunderland","TNT Sports 1","TNT Sports Ultimate","Discovery+ Premium","","","","","",""
"Minggu","08-03-2026","22:0","Rugby-Union","","Brython-Thunder vs Gwalia-Lightning","Brython-Thunder","Gwalia-Lightning","BBC iPlayer","BBC Sport Website","YouTube","","","","","",""
"Minggu","08-03-2026","22:0","Football","Ligue 1","Lens vs Metz","Lens","Metz","Ligue 1+","","","","","","","",""
"Minggu","08-03-2026","22:0","Football","","Frosinone vs Sampdoria","Frosinone","Sampdoria","Destination Calcio","","","","","","","",""
"Minggu","08-03-2026","22:0","Football","Premier League 2","Liverpool-U21 vs Wolverhampton-Wanderers-U21","Liverpool-U21","Wolverhampton-Wanderers-U21","LFCTV","LFC All Red","","","","","","",""
"Minggu","08-03-2026","22:0","Football","Serie A","Bologna vs Verona","Bologna","Verona","DAZN","BBC iPlayer","BBC Sport Website","BBC Alba","","","","",""
"Minggu","08-03-2026","22:0","Football","Serie A","Fiorentina vs Parma","Fiorentina","Parma","DAZN","","","","","","","",""
"Minggu","08-03-2026","22:0","GAA","","Kildare vs Carlow","Kildare","Carlow","GAA+","","","","","","","",""
"Minggu","08-03-2026","22:15","Cycling","","UCI Paris to Nice","UCI Paris to Nice","","TNT Sports 4","Discovery+ Premium","","","","","","",""
"Minggu","08-03-2026","22:30","Football","Bundesliga","St-Pauli vs Eintracht-Frankfurt","St-Pauli","Eintracht-Frankfurt","Amazon Prime Video","","","","","","","",""
"Minggu","08-03-2026","22:30","Golf","","Arnold Palmer Invitational","Arnold Palmer Invitational","","Sky Sports Golf","Sky Sports+","","","","","","",""
"Minggu","08-03-2026","23:0","Rugby-League","Super League","Huddersfield-Giants vs Hull-KR","Huddersfield-Giants","Hull-KR","Sky Sports+","SuperLeague+","","","","","","",""
"Minggu","08-03-2026","23:0","Rugby-League","Super League","Leeds-Rhinos vs Castleford-Tigers","Leeds-Rhinos","Castleford-Tigers","Sky Sports+","SuperLeague+","","","","","","",""
"Minggu","08-03-2026","23:0","Basketball","Super League Basketball","Bristol-Flyers vs Newcastle-Eagles","Bristol-Flyers","Newcastle-Eagles","DAZN","","","","","","","",""
"Minggu","08-03-2026","23:0","Motorsport","","FIM Motocross Argentina","FIM Motocross Argentina","","TNT Sports Extra","Discovery+","","","","","","",""
"Minggu","08-03-2026","23:15","Football","La Liga","Getafe vs Real-Betis","Getafe","Real-Betis","Premier Sports 2","","","","","","","",""
"Minggu","08-03-2026","23:15","GAA","","Waterford vs Tipperary","Waterford","Tipperary","GAA+","TG4","","","","","","",""
"Minggu","08-03-2026","23:30","Football","","MSV-Duisburg vs Saarbrucken","MSV-Duisburg","Saarbrucken","DFB Play","","","","","","","",""
"Minggu","08-03-2026","23:45","Football","Eredivisie","NAC-Breda vs Feyenoord","NAC-Breda","Feyenoord","Premier Player","TrillerTV+","","","","","","",""
"Minggu","08-03-2026","23:45","Winter Sports","","Biathlon World Cup","Biathlon World Cup","","TNT Sports 2","TNT Sports Extra","Discovery+ Premium","","","","","",""
"Senin","09-03-2026","24:0","Rugby-Union","Premiership Rugby Cup","Leicester-Tigers vs Bath-Rugby","Leicester-Tigers","Bath-Rugby","TNT Sports 3","Discovery+ Premium","","","","","","",""
"Senin","09-03-2026","24:0","Netball","Netball Superleague","Nottingham-Forest-Netball vs Birmingham-Panthers","Nottingham-Forest-Netball","Birmingham-Panthers","Sky Sports YouTube","","","","","","","",""
"Senin","09-03-2026","24:0","Basketball","Super League Basketball","Caledonia-Gladiators vs Cheshire-Phoenix","Caledonia-Gladiators","Cheshire-Phoenix","DAZN","","","","","","","",""
"Senin","09-03-2026","24:0","Motorsport","","FIM Motocross Argentina","FIM Motocross Argentina","","TNT Sports Extra","Discovery+","","","","","","",""
"Senin","09-03-2026","24:15","Football","Ligue 1","Stade-Brestois vs Le-Havre","Stade-Brestois","Le-Havre","Ligue 1+","","","","","","","",""
"Senin","09-03-2026","24:15","Football","Ligue 1","Lille vs Lorient","Lille","Lorient","Ligue 1+","","","","","","","",""
"Senin","09-03-2026","24:15","Football","Ligue 1","Nice vs Rennes","Nice","Rennes","Ligue 1+","","","","","","","",""
"Senin","09-03-2026","24:30","Football","Championship","Queens-Park-Rangers vs Middlesbrough","Queens-Park-Rangers","Middlesbrough","Sky Sports Football","","","","","","","",""
"Senin","09-03-2026","24:30","Football","Bundesliga","FC-Union-Berlin vs Werder-Bremen","FC-Union-Berlin","Werder-Bremen","Amazon Prime Video","","","","","","","",""
"Senin","09-03-2026","24:30","Football","FA Cup","Leeds-United vs Norwich-City","Leeds-United","Norwich-City","TNT Sports 1","TNT Sports Ultimate","Discovery+ Premium","","","","","",""
"Senin","09-03-2026","01:0","Basketball","NBA","Cleveland-Cavaliers vs Boston-Celtics","Cleveland-Cavaliers","Boston-Celtics","NBA League Pass","","","","","","","",""
"Senin","09-03-2026","01:0","Football","Serie A","Genoa vs Roma","Genoa","Roma","DAZN","TNT Sports 2","Discovery+ Premium","","","","","",""
"Senin","09-03-2026","01:0","Baseball","","Italy vs Great-Britain","Italy","Great-Britain","TNT Sports 4","Discovery+ Premium","","","","","","",""
"Senin","09-03-2026","01:30","Football","La Liga","Sevilla vs Rayo-Vallecano","Sevilla","Rayo-Vallecano","Premier Sports 1","","","","","","","",""
"Senin","09-03-2026","01:30","Golf","","Arnold Palmer Invitational","Arnold Palmer Invitational","","Sky Sports Golf","Sky Sports Main Event","Sky Sports Ultra HDR","","","","","",""
"Senin","09-03-2026","02:0","Ice-Hockey","NHL","Minnesota-Wild vs Colorado-Avalanche","Minnesota-Wild","Colorado-Avalanche","Premier Player","","","","","","","",""
"Senin","09-03-2026","02:0","Tennis","","BNP Paribas Open","BNP Paribas Open","","Sky Sports Tennis","Sky Sports+","","","","","","",""
"Senin","09-03-2026","02:0","Motorsport","","FIM Motocross Argentina","FIM Motocross Argentina","","TNT Sports Extra","Discovery+","","","","","","",""
"Senin","09-03-2026","03:0","Darts","","Ladbrokes UK Open","Ladbrokes UK Open","","ITV4","ITVX","","","","","","",""
"Senin","09-03-2026","03:0","Motorsport","","NASCAR Xfinity Phoenix International Raceway","NASCAR Xfinity Phoenix International Raceway","","Premier Sports 2","","","","","","","",""
"Senin","09-03-2026","03:0","Football","Eredivisie","NEC-Nijmegen vs Volendam","NEC-Nijmegen","Volendam","TrillerTV+","","","","","","","",""
"Senin","09-03-2026","03:0","Motorsport","","FIM Motocross Argentina","FIM Motocross Argentina","","TNT Sports Extra","Discovery+","","","","","","",""
"Senin","09-03-2026","03:30","Football","","St-Mirren vs Partick-Thistle","St-Mirren","Partick-Thistle","BBC Scotland","BBC iPlayer","BBC Sport Website","","","","","",""
"Senin","09-03-2026","03:30","Basketball","NBA","Los-Angeles-Lakers vs New-York-Knicks","Los-Angeles-Lakers","New-York-Knicks","Amazon Prime Video","","","","","","","",""
"Senin","09-03-2026","03:45","Football","Ligue 1","Olympique-Lyonnais vs Paris-FC","Olympique-Lyonnais","Paris-FC","Amazon Prime Video","Ligue 1+","","","","","","",""
"Senin","09-03-2026","03:45","Football","Serie A","AC-Milan vs Inter-Milan","AC-Milan","Inter-Milan","DAZN","TNT Sports 1","Discovery+ Premium","","","","","",""
"Senin","09-03-2026","04:0","Football","La Liga","Valencia vs Deportivo-Alaves","Valencia","Deportivo-Alaves","Premier Sports 1","","","","","","","",""
"Senin","09-03-2026","04:30","Football","MLS","New-York-Red-Bulls vs CF-Montreal","New-York-Red-Bulls","CF-Montreal","Apple TV","","","","","","","",""
"Senin","09-03-2026","04:30","Ice-Hockey","NHL","Boston-Bruins vs Pittsburgh-Penguins","Boston-Bruins","Pittsburgh-Penguins","NHL.TV","","","","","","","",""
"Senin","09-03-2026","06:0","Ice-Hockey","NHL","Chicago-Blackhawks vs Dallas-Stars","Chicago-Blackhawks","Dallas-Stars","NHL.TV","","","","","","","",""
"Senin","09-03-2026","06:0","Ice-Hockey","NHL","Tampa-Bay-Lightning vs Buffalo-Sabres","Tampa-Bay-Lightning","Buffalo-Sabres","Premier Player","","","","","","","",""
"Senin","09-03-2026","06:0","Basketball","NBA","Miami-Heat vs Detroit-Pistons","Miami-Heat","Detroit-Pistons","NBA League Pass","","","","","","","",""
"Senin","09-03-2026","06:0","Basketball","NBA","Toronto-Raptors vs Dallas-Mavericks","Toronto-Raptors","Dallas-Mavericks","NBA League Pass","","","","","","","",""
"Senin","09-03-2026","06:0","Tennis","","BNP Paribas Open","BNP Paribas Open","","Sky Sports Tennis","Sky Sports Main Event","Sky Sports Ultra HDR","Sky Sports+","","","","",""
"Senin","09-03-2026","07:0","Football","MLS","FC-Cincinnati vs Toronto-FC","FC-Cincinnati","Toronto-FC","Apple TV","","","","","","","",""
"Senin","09-03-2026","07:0","Ice-Hockey","NHL","Detroit-Red-Wings vs New-Jersey-Devils","Detroit-Red-Wings","New-Jersey-Devils","NHL.TV","","","","","","","",""
"Senin","09-03-2026","07:0","Basketball","NBA","New-Orleans-Pelicans vs Washington-Wizards","New-Orleans-Pelicans","Washington-Wizards","NBA League Pass","","","","","","","",""
"Senin","09-03-2026","08:0","Basketball","NBA","Milwaukee-Bucks vs Orlando-Magic","Milwaukee-Bucks","Orlando-Magic","NBA League Pass","","","","","","","",""
"Senin","09-03-2026","08:0","Basketball","NBA","San-Antonio-Spurs vs Houston-Rockets","San-Antonio-Spurs","Houston-Rockets","Sky Sports Action","Sky Sports+","","","","","","",""
"Senin","09-03-2026","08:0","Basketball","NBA","Milwaukee-Bucks vs Orlando-Magic","Milwaukee-Bucks","Orlando-Magic","NBA League Pass","","","","","","","",""
"Senin","09-03-2026","08:0","Basketball","NBA","San-Antonio-Spurs vs Houston-Rockets","San-Antonio-Spurs","Houston-Rockets","Sky Sports Action","Sky Sports+","","","","","","",""
"Senin","09-03-2026","09:0","Ice-Hockey","NHL","St-Louis-Blues vs Anaheim-Ducks","St-Louis-Blues","Anaheim-Ducks","NHL.TV","","","","","","","",""
"Senin","09-03-2026","09:0","Basketball","NBA","Portland-Trail-Blazers vs Indiana-Pacers","Portland-Trail-Blazers","Indiana-Pacers","NBA League Pass","","","","","","","",""
"Senin","09-03-2026","09:0","Basketball","NBA","Sacramento-Kings vs Chicago-Bulls","Sacramento-Kings","Chicago-Bulls","NBA League Pass","","","","","","","",""
"Senin","09-03-2026","09:0","Tennis","","BNP Paribas Open","BNP Paribas Open","","Sky Sports Main Event","Sky Sports Tennis","Sky Sports Ultra HDR","Sky Sports+","","","","",""
"Senin","09-03-2026","09:30","Ice-Hockey","NHL","Edmonton-Oilers vs Vegas-Golden-Knights","Edmonton-Oilers","Vegas-Golden-Knights","Premier Sports 1","","","","","","","",""
"Senin","09-03-2026","10:0","Basketball","NBA","Phoenix-Suns vs Charlotte-Hornets","Phoenix-Suns","Charlotte-Hornets","Sky Sports Action","Sky Sports Mix","","","","","","",""
"Senin","09-03-2026","10:0","Boxing","","Live Boxing","Live Boxing","","YouTube","","","","","","","",""
"Senin","09-03-2026","13:30","Cricket","","Australia-Women vs India-Women","Australia-Women","India-Women","TNT Sports 2","Discovery+ Premium","","","","","","",""
"Senin","09-03-2026","14:0","Cricket","One Day International","Pakistan-Shaheens vs England-Lions","Pakistan-Shaheens","England-Lions","PCB Live","ECB.co.uk","YouTube","","","","","",""
"Senin","09-03-2026","17:0","Football","","North-Korea-Women vs China-Women","North-Korea-Women","China-Women","OneFootball","YouTube","","","","","","",""
"Senin","09-03-2026","17:0","Football","","Bangladesh-Women vs Uzbekistan-Women","Bangladesh-Women","Uzbekistan-Women","OneFootball","YouTube","","","","","","",""
"Senin","09-03-2026","20:0","Cycling","","UCI Tirreno to Adriatico","UCI Tirreno to Adriatico","","TNT Sports 1","Discovery+ Premium","","","","","","",""
"Senin","09-03-2026","21:0","Horse Racing","","Raceday Live","Raceday Live","","Sky Sports Racing","","","","","","","",""
"Senin","09-03-2026","21:45","Horse Racing","","Live Racing","Live Racing","","RacingTV","","","","","","","",""
"Senin","09-03-2026","22:0","Football","Premier League 2","Birmingham-U21 vs Chelsea-U21","Birmingham-U21","Chelsea-U21","ChelseaFC.com","Chelsea Official App","","","","","","",""
"Senin","09-03-2026","22:45","Cycling","","UCI Paris to Nice","UCI Paris to Nice","","TNT Sports 1","TNT Sports 2","Discovery+ Premium","","","","","",""
"Selasa","10-03-2026","01:0","Baseball","","Great-Britain vs Brazil","Great-Britain","Brazil","TNT Sports 2","Discovery+ Premium","","","","","","",""
"Selasa","10-03-2026","02:0","Tennis","","BNP Paribas Open","BNP Paribas Open","","Sky Sports Main Event","Sky Sports Tennis","Sky Sports Ultra HDR","Sky Sports+","","","","",""
"Selasa","10-03-2026","02:0","Pool","","Ultimate Pool Champions League","Ultimate Pool Champions League","","TNT Sports 3","Discovery+ Premium","","","","","","",""
"Selasa","10-03-2026","03:30","Football","FA Cup","West-Ham-United vs Brentford","West-Ham-United","Brentford","TNT Sports 1","TNT Sports Ultimate","Discovery+ Premium","","","","","",""
"Selasa","10-03-2026","03:45","Football","","Shelbourne vs Shamrock-Rovers","Shelbourne","Shamrock-Rovers","LOITV","","","","","","","",""
"Selasa","10-03-2026","03:45","Football","Serie A","Lazio vs Sassuolo","Lazio","Sassuolo","DAZN","","","","","","","",""
"Selasa","10-03-2026","04:0","Football","La Liga","Espanyol vs Real-Oviedo","Espanyol","Real-Oviedo","Premier Sports 1","","","","","","","",""
"Selasa","10-03-2026","04:0","Ice-Hockey","NHL","Los-Angeles-Kings vs Columbus-Blue-Jackets","Los-Angeles-Kings","Columbus-Blue-Jackets","NHL.TV","","","","","","","",""
"Selasa","10-03-2026","07:0","Ice-Hockey","NHL","New-York-Rangers vs Philadelphia-Flyers","New-York-Rangers","Philadelphia-Flyers","Premier Sports 2","","","","","","","",""
"Selasa","10-03-2026","07:0","Ice-Hockey","NHL","Calgary-Flames vs Washington-Capitals","Calgary-Flames","Washington-Capitals","NHL.TV","","","","","","","",""
"Selasa","10-03-2026","07:0","Basketball","NBA","Cleveland-Cavaliers vs Philadelphia-76ers","Cleveland-Cavaliers","Philadelphia-76ers","NBA League Pass","","","","","","","",""
"Selasa","10-03-2026","07:30","Basketball","NBA","Brooklyn-Nets vs Memphis-Grizzlies","Brooklyn-Nets","Memphis-Grizzlies","NBA League Pass","","","","","","","",""
"Selasa","10-03-2026","07:30","Basketball","NBA","Oklahoma-City-Thunder vs Denver-Nuggets","Oklahoma-City-Thunder","Denver-Nuggets","Sky Sports Action","Sky Sports+","","","","","","",""
"Selasa","10-03-2026","08:30","Ice-Hockey","NHL","Utah-Mammoth vs Chicago-Blackhawks","Utah-Mammoth","Chicago-Blackhawks","NHL.TV","","","","","","","",""
"Selasa","10-03-2026","09:0","Ice-Hockey","NHL","Ottawa-Senators vs Vancouver-Canucks","Ottawa-Senators","Vancouver-Canucks","Premier Sports 1","","","","","","","",""
"Selasa","10-03-2026","09:0","Basketball","NBA","Utah-Jazz vs Golden-State-Warriors","Utah-Jazz","Golden-State-Warriors","NBA League Pass","","","","","","","",""
"Selasa","10-03-2026","09:0","Tennis","","BNP Paribas Open","BNP Paribas Open","","Sky Sports Tennis","Sky Sports Main Event","Sky Sports Ultra HDR","Sky Sports+","","","","",""
"Selasa","10-03-2026","10:0","Basketball","NBA","Los-Angeles-Clippers vs New-York-Knicks","Los-Angeles-Clippers","New-York-Knicks","Sky Sports Action","Sky Sports+","","","","","","",""
"Selasa","10-03-2026","17:0","Football","","India-Women vs Chinese-Taipei-Women","India-Women","Chinese-Taipei-Women","OneFootball","YouTube","","","","","","",""
"Selasa","10-03-2026","17:0","Football","","Japan-Women vs Vietnam-Women","Japan-Women","Vietnam-Women","OneFootball","YouTube","","","","","","",""
"Selasa","10-03-2026","18:0","Football","","Machida-Zelvia vs Gangwon","Machida-Zelvia","Gangwon","OneFootball","The AFC Hub","","","","","","",""
"Selasa","10-03-2026","20:0","Football","","Chelsea-U18 vs Crystal-Palace-U18","Chelsea-U18","Crystal-Palace-U18","ChelseaFC.com","Chelsea Official App","","","","","","",""
"Selasa","10-03-2026","20:0","Cycling","","UCI Tirreno to Adriatico","UCI Tirreno to Adriatico","","TNT Sports 1","Discovery+ Premium","","","","","","",""
"Selasa","10-03-2026","20:15","Football","","Buriram-United vs Melbourne-City","Buriram-United","Melbourne-City","OneFootball","The AFC Hub","","","","","","",""
"Selasa","10-03-2026","20:45","Horse Racing","","Cheltenham Festival 2026","Cheltenham Festival 2026","","ITV1","ITVX","STV","STV Player","","","","",""
"Selasa","10-03-2026","21:0","Horse Racing","","Raceday Live","Raceday Live","","Sky Sports Racing","","","","","","","",""
"Selasa","10-03-2026","21:30","Horse Racing","","Live Racing","Live Racing","","RacingTV","","","","","","","",""
"Selasa","10-03-2026","22:15","Cycling","","UCI Paris to Nice","UCI Paris to Nice","","TNT Sports 2","TNT Sports 1","Discovery+ Premium","","","","","",""
"Rabu","11-03-2026","01:45","Football","UEFA Champions League","Galatasaray vs Liverpool","Galatasaray","Liverpool","TNT Sports 1","Discovery+ Premium","","","","","","",""
"Rabu","11-03-2026","02:0","Tennis","","BNP Paribas Open","BNP Paribas Open","","Sky Sports Tennis","Sky Sports+","","","","","","",""
"Rabu","11-03-2026","02:15","Football","","Al-Hussein vs Al-Ahli","Al-Hussein","Al-Ahli","The AFC Hub","","","","","","","",""
"Rabu","11-03-2026","03:45","Football","League Two","Salford-City vs Walsall","Salford-City","Walsall","Sky Sports+","","","","","","","",""
"Rabu","11-03-2026","03:45","Football","League Two","Gillingham vs Milton-Keynes-Dons","Gillingham","Milton-Keynes-Dons","Sky Sports+","","","","","","","",""
"Rabu","11-03-2026","03:45","Football","National League","Eastleigh vs Brackley-Town","Eastleigh","Brackley-Town","DAZN National League","","","","","","","",""
"Rabu","11-03-2026","03:45","Football","National League","Scunthorpe-United vs Sutton-United","Scunthorpe-United","Sutton-United","DAZN National League","","","","","","","",""
"Rabu","11-03-2026","03:45","Football","National League","Wealdstone vs Tamworth","Wealdstone","Tamworth","DAZN National League","","","","","","","",""
"Rabu","11-03-2026","03:45","Football","Championship","Leicester-City vs Bristol-City","Leicester-City","Bristol-City","Sky Sports+","","","","","","","",""
"Rabu","11-03-2026","03:45","Football","Championship","Millwall vs Derby-County","Millwall","Derby-County","Sky Sports+","","","","","","","",""
"Rabu","11-03-2026","03:45","Football","Championship","Portsmouth vs Swansea-City","Portsmouth","Swansea-City","Sky Sports+","","","","","","","",""
"Rabu","11-03-2026","03:45","Football","Championship","Sheffield-Wednesday vs Watford","Sheffield-Wednesday","Watford","Sky Sports+","","","","","","","",""
"Rabu","11-03-2026","03:45","Football","Championship","Wrexham vs Hull-City","Wrexham","Hull-City","Sky Sports+","","","","","","","",""
"Rabu","11-03-2026","03:45","Football","","Dorking-Wanderers vs Chelmsford-City","Dorking-Wanderers","Chelmsford-City","DAZN National League","","","","","","","",""
"Rabu","11-03-2026","03:45","Football","","Hemel-Hempstead-Town vs Chippenham-Town","Hemel-Hempstead-Town","Chippenham-Town","DAZN National League","","","","","","","",""
"Rabu","11-03-2026","03:45","Football","","Horsham vs Hornchurch","Horsham","Hornchurch","DAZN National League","","","","","","","",""
"Rabu","11-03-2026","03:45","Football","","Torquay-United vs Salisbury","Torquay-United","Salisbury","DAZN National League","","","","","","","",""
"Rabu","11-03-2026","03:45","Football","","Worthing vs Maidenhead-United","Worthing","Maidenhead-United","DAZN National League","","","","","","","",""
"Rabu","11-03-2026","03:45","Football","","AFC-Fylde vs AFC-Telford-United","AFC-Fylde","AFC-Telford-United","DAZN National League","","","","","","","",""
"Rabu","11-03-2026","03:45","Football","","Alfreton-Town vs Radcliffe-Borough","Alfreton-Town","Radcliffe-Borough","DAZN National League","","","","","","","",""
"Rabu","11-03-2026","03:45","Football","","Chorley vs South-Shields","Chorley","South-Shields","DAZN National League","","","","","","","",""
"Rabu","11-03-2026","03:45","Football","","Darlington vs Buxton","Darlington","Buxton","DAZN National League","","","","","","","",""
"Rabu","11-03-2026","03:45","Football","","Kidderminster-Harriers vs Peterborough-Sports","Kidderminster-Harriers","Peterborough-Sports","DAZN National League","","","","","","","",""
"Rabu","11-03-2026","03:45","Football","National League","Aldershot-Town vs Carlisle-United","Aldershot-Town","Carlisle-United","DAZN National League","","","","","","","",""
"Rabu","11-03-2026","03:45","Football","National League","Southend-United vs Gateshead","Southend-United","Gateshead","DAZN National League","","","","","","","",""
"Rabu","11-03-2026","03:45","Football","National League","Woking vs Boreham-Wood","Woking","Boreham-Wood","DAZN National League","","","","","","","",""
"Rabu","11-03-2026","03:45","Football","League One","Barnsley vs Cardiff-City","Barnsley","Cardiff-City","Sky Sports+","","","","","","","",""
"Rabu","11-03-2026","03:45","Football","League One","Wigan-Athletic vs Plymouth-Argyle","Wigan-Athletic","Plymouth-Argyle","Sky Sports+","","","","","","","",""
"Rabu","11-03-2026","03:45","Football","NIFL Premiership","Crusaders-FC-Belfast vs Cliftonville-FC-Belfast","Crusaders-FC-Belfast","Cliftonville-FC-Belfast","NIFL TV","","","","","","","",""
"Rabu","11-03-2026","03:45","Football","NIFL Premiership","Bangor-FC vs Glentoran-FC-Belfast","Bangor-FC","Glentoran-FC-Belfast","NIFL TV","","","","","","","",""
"Rabu","11-03-2026","03:45","Football","NIFL Premiership","Linfield-FC-Belfast vs Portadown-FC","Linfield-FC-Belfast","Portadown-FC","NIFL TV","","","","","","","",""
"Rabu","11-03-2026","03:45","Football","League One","Mansfield-Town vs Reading","Mansfield-Town","Reading","Sky Sports+","","","","","","","",""
"Rabu","11-03-2026","03:45","Football","League One","Stevenage vs Leyton-Orient","Stevenage","Leyton-Orient","Sky Sports+","","","","","","","",""
"Rabu","11-03-2026","03:45","Football","League Two","Fleetwood-Town vs Cheltenham-Town","Fleetwood-Town","Cheltenham-Town","Sky Sports+","","","","","","","",""
"Rabu","11-03-2026","04:0","Football","Championship","Stoke-City vs Ipswich-Town","Stoke-City","Ipswich-Town","Sky Sports Football","Sky Sports Main Event","Sky Sports Ultra HDR","","","","","",""
"Rabu","11-03-2026","04:0","Football","UEFA Champions League","Atalanta vs Bayern-Munich","Atalanta","Bayern-Munich","TNT Sports 2","Discovery+ Premium","","","","","","",""
"Rabu","11-03-2026","04:0","Football","UEFA Champions League","Atletico-Madrid vs Tottenham-Hotspur","Atletico-Madrid","Tottenham-Hotspur","TNT Sports 3","Discovery+ Premium","","","","","","",""
"Rabu","11-03-2026","04:0","Football","UEFA Champions League","Newcastle-United vs Barcelona","Newcastle-United","Barcelona","Amazon Prime Video","","","","","","","",""
"Rabu","11-03-2026","06:0","Cricket","One Day International","New-Zealand-Women vs Zimbabwe-Women","New-Zealand-Women","Zimbabwe-Women","TNT Sports 4","Discovery+ Premium","","","","","","",""
"Rabu","11-03-2026","06:30","Tennis","","BNP Paribas Open","BNP Paribas Open","","Sky Sports Main Event","Sky Sports Tennis","Sky Sports Ultra HDR","Sky Sports+","","","","",""
"Rabu","11-03-2026","07:0","Ice-Hockey","NHL","Los-Angeles-Kings vs Boston-Bruins","Los-Angeles-Kings","Boston-Bruins","NHL.TV","","","","","","","",""
"Rabu","11-03-2026","07:0","Ice-Hockey","NHL","San-Jose-Sharks vs Buffalo-Sabres","San-Jose-Sharks","Buffalo-Sabres","NHL.TV","","","","","","","",""
"Rabu","11-03-2026","07:0","Ice-Hockey","NHL","Columbus-Blue-Jackets vs Tampa-Bay-Lightning","Columbus-Blue-Jackets","Tampa-Bay-Lightning","NHL.TV","","","","","","","",""
"Rabu","11-03-2026","07:0","Ice-Hockey","NHL","Detroit-Red-Wings vs Florida-Panthers","Detroit-Red-Wings","Florida-Panthers","NHL.TV","","","","","","","",""
"Rabu","11-03-2026","07:0","Ice-Hockey","NHL","Pittsburgh-Penguins vs Carolina-Hurricanes","Pittsburgh-Penguins","Carolina-Hurricanes","NHL.TV","","","","","","","",""
"Rabu","11-03-2026","07:0","Ice-Hockey","NHL","Toronto-Maple-Leafs vs Montreal-Canadiens","Toronto-Maple-Leafs","Montreal-Canadiens","Premier Sports 2","","","","","","","",""
"Rabu","11-03-2026","07:0","Ice-Hockey","NHL","Calgary-Flames vs New-York-Rangers","Calgary-Flames","New-York-Rangers","NHL.TV","","","","","","","",""
"Rabu","11-03-2026","07:0","Basketball","NBA","Philadelphia-76ers vs Memphis-Grizzlies","Philadelphia-76ers","Memphis-Grizzlies","NBA League Pass","","","","","","","",""
"Rabu","11-03-2026","07:0","Football","","Philadelphia-Union vs Club-America","Philadelphia-Union","Club-America","YouTube","","","","","","","",""
"Rabu","11-03-2026","07:30","Ice-Hockey","NHL","New-York-Islanders vs St-Louis-Blues","New-York-Islanders","St-Louis-Blues","NHL.TV","","","","","","","",""
"Rabu","11-03-2026","07:30","Basketball","NBA","Brooklyn-Nets vs Detroit-Pistons","Brooklyn-Nets","Detroit-Pistons","NBA League Pass","","","","","","","",""
"Rabu","11-03-2026","07:30","Basketball","NBA","Miami-Heat vs Washington-Wizards","Miami-Heat","Washington-Wizards","NBA League Pass","","","","","","","",""
"Rabu","11-03-2026","07:30","Basketball","NBA","Atlanta-Hawks vs Dallas-Mavericks","Atlanta-Hawks","Dallas-Mavericks","Sky Sports+","","","","","","","",""
"Rabu","11-03-2026","08:0","Ice-Hockey","NHL","Vegas-Golden-Knights vs Dallas-Stars","Vegas-Golden-Knights","Dallas-Stars","NHL.TV","","","","","","","",""
"Rabu","11-03-2026","08:0","Ice-Hockey","NHL","Utah-Mammoth vs Minnesota-Wild","Utah-Mammoth","Minnesota-Wild","NHL.TV","","","","","","","",""
"Rabu","11-03-2026","08:0","Basketball","NBA","Houston-Rockets vs Toronto-Raptors","Houston-Rockets","Toronto-Raptors","NBA League Pass","","","","","","","",""
"Rabu","11-03-2026","08:0","Basketball","NBA","Milwaukee-Bucks vs Phoenix-Suns","Milwaukee-Bucks","Phoenix-Suns","NBA League Pass","","","","","","","",""
"Rabu","11-03-2026","08:0","Basketball","NBA","San-Antonio-Spurs vs Boston-Celtics","San-Antonio-Spurs","Boston-Celtics","Sky Sports Action","","","","","","","",""
"Rabu","11-03-2026","08:0","Ice-Hockey","NHL","Vegas-Golden-Knights vs Dallas-Stars","Vegas-Golden-Knights","Dallas-Stars","NHL.TV","","","","","","","",""
"Rabu","11-03-2026","08:0","Ice-Hockey","NHL","Utah-Mammoth vs Minnesota-Wild","Utah-Mammoth","Minnesota-Wild","NHL.TV","","","","","","","",""
"Rabu","11-03-2026","08:0","Basketball","NBA","Houston-Rockets vs Toronto-Raptors","Houston-Rockets","Toronto-Raptors","NBA League Pass","","","","","","","",""
"Rabu","11-03-2026","08:0","Basketball","NBA","Milwaukee-Bucks vs Phoenix-Suns","Milwaukee-Bucks","Phoenix-Suns","NBA League Pass","","","","","","","",""
"Rabu","11-03-2026","08:0","Basketball","NBA","San-Antonio-Spurs vs Boston-Celtics","San-Antonio-Spurs","Boston-Celtics","Sky Sports Action","","","","","","","",""
"Rabu","11-03-2026","08:30","Football","Brasileiro Série A","Mirassol vs Santos","Mirassol","Santos","Premier Player","","","","","","","",""
"Rabu","11-03-2026","08:30","Ice-Hockey","NHL","Anaheim-Ducks vs Winnipeg-Jets","Anaheim-Ducks","Winnipeg-Jets","NHL.TV","","","","","","","",""
"Rabu","11-03-2026","09:0","Tennis","","BNP Paribas Open","BNP Paribas Open","","Sky Sports Tennis","Sky Sports Main Event","Sky Sports Ultra HDR","Sky Sports+","","","","",""
"Rabu","11-03-2026","09:0","Football","","Monterrey vs Cruz-Azul","Monterrey","Cruz-Azul","YouTube","","","","","","","",""
"Rabu","11-03-2026","10:0","Ice-Hockey","NHL","Nashville-Predators vs Seattle-Kraken","Nashville-Predators","Seattle-Kraken","NHL.TV","","","","","","","",""
"Rabu","11-03-2026","10:0","Ice-Hockey","NHL","Edmonton-Oilers vs Colorado-Avalanche","Edmonton-Oilers","Colorado-Avalanche","Premier Sports 1","","","","","","","",""
"Rabu","11-03-2026","10:0","Basketball","NBA","Golden-State-Warriors vs Chicago-Bulls","Golden-State-Warriors","Chicago-Bulls","NBA League Pass","","","","","","","",""
"Rabu","11-03-2026","10:0","Basketball","NBA","Portland-Trail-Blazers vs Charlotte-Hornets","Portland-Trail-Blazers","Charlotte-Hornets","NBA League Pass","","","","","","","",""
"Rabu","11-03-2026","10:0","Basketball","NBA","Sacramento-Kings vs Indiana-Pacers","Sacramento-Kings","Indiana-Pacers","NBA League Pass","","","","","","","",""
"Rabu","11-03-2026","11:0","Basketball","NBA","Los-Angeles-Lakers vs Minnesota-Timberwolves","Los-Angeles-Lakers","Minnesota-Timberwolves","Sky Sports Action","Sky Sports+","","","","","","",""
"Rabu","11-03-2026","11:0","Football","","Los-Angeles-FC vs Alajuelense","Los-Angeles-FC","Alajuelense","YouTube","","","","","","","",""
"Rabu","11-03-2026","18:0","Football","","Sanfrecce-Hiroshima vs Johor-Darul-Tazim","Sanfrecce-Hiroshima","Johor-Darul-Tazim","OneFootball","The AFC Hub","","","","","","",""
"Rabu","11-03-2026","18:0","Football","","Vissel-Kobe vs FC-Seoul","Vissel-Kobe","FC-Seoul","The AFC Hub","OneFootball","","","","","","",""
"Rabu","11-03-2026","18:0","Cricket","","Player Auction","Player Auction","","Sky Sports Cricket","Sky Sports Main Event","Sky Sports Ultra HDR","","","","","",""
"Rabu","11-03-2026","20:0","Cycling","","UCI Tirreno to Adriatico","UCI Tirreno to Adriatico","","TNT Sports 1","Discovery+ Premium","","","","","","",""
"Rabu","11-03-2026","20:15","Football","","Ratchaburi vs Gamba-Osaka","Ratchaburi","Gamba-Osaka","The AFC Hub","","","","","","","",""
"Rabu","11-03-2026","20:45","Horse Racing","","Cheltenham Festival 2026","Cheltenham Festival 2026","","ITV1","ITVX","STV","STV Player","","","","",""
"Rabu","11-03-2026","21:0","Horse Racing","","Raceday Live","Raceday Live","","Sky Sports Racing","","","","","","","",""
"Rabu","11-03-2026","21:30","Horse Racing","","Live Racing","Live Racing","","RacingTV","","","","","","","",""
"Rabu","11-03-2026","22:15","Cycling","","UCI Paris to Nice","UCI Paris to Nice","","TNT Sports 2","TNT Sports 1","Discovery+ Premium","","","","","",""
"Rabu","11-03-2026","23:15","Football","","PSG-Women vs Marseille-Women","PSG-Women","Marseille-Women","DAZN","","","","","","","",""
"Kamis","12-03-2026","01:0","Football","","Fiorentina-Women vs Juventus-Women","Fiorentina-Women","Juventus-Women","DAZN","","","","","","","",""
"Kamis","12-03-2026","01:45","Football","UEFA Champions League","Bayer-Leverkusen vs Arsenal","Bayer-Leverkusen","Arsenal","TNT Sports 3","Discovery+ Premium","","","","","","",""
"Kamis","12-03-2026","02:0","Tennis","","BNP Paribas Open","BNP Paribas Open","","Sky Sports Tennis","Sky Sports+","","","","","","",""
"Kamis","12-03-2026","03:0","Football","","Charlton-Athletic-Women vs Portsmouth-Women","Charlton-Athletic-Women","Portsmouth-Women","WSL2 YouTube","","","","","","","",""
"Kamis","12-03-2026","03:0","Football","","Sunderland-Women vs Nottingham-Forest-Women","Sunderland-Women","Nottingham-Forest-Women","WSL2 YouTube","","","","","","","",""
"Kamis","12-03-2026","03:45","Football","League One","Port-Vale vs Bradford-City","Port-Vale","Bradford-City","Sky Sports+","","","","","","","",""
"Kamis","12-03-2026","03:45","Football","Championship","Norwich-City vs Sheffield-United","Norwich-City","Sheffield-United","Sky Sports+","","","","","","","",""
"Kamis","12-03-2026","03:45","Football","Championship","Birmingham-City vs Queens-Park-Rangers","Birmingham-City","Queens-Park-Rangers","Sky Sports+","","","","","","","",""
"Kamis","12-03-2026","03:45","Football","Championship","Middlesbrough vs Charlton-Athletic","Middlesbrough","Charlton-Athletic","Sky Sports+","","","","","","","",""
"Kamis","12-03-2026","03:45","Football","Championship","Oxford-Utd vs Blackburn-Rovers","Oxford-Utd","Blackburn-Rovers","Sky Sports+","","","","","","","",""
"Kamis","12-03-2026","03:45","Football","Championship","West-Bromwich-Albion vs Southampton","West-Bromwich-Albion","Southampton","Sky Sports+","","","","","","","",""
"Kamis","12-03-2026","03:45","Football","League One","AFC-Wimbledon vs Blackpool","AFC-Wimbledon","Blackpool","Sky Sports+","","","","","","","",""
"Kamis","12-03-2026","04:0","Football","Championship","Coventry-City vs Preston-North-End","Coventry-City","Preston-North-End","Sky Sports Main Event","Sky Sports Football","Sky Sports Ultra HDR","","","","","",""
"Kamis","12-03-2026","04:0","Football","UEFA Champions League","Bodo-Glimt vs Sporting-CP","Bodo-Glimt","Sporting-CP","TNT Sports 4","Discovery+ Premium","","","","","","",""
"Kamis","12-03-2026","04:0","Football","UEFA Champions League","Paris-Saint-Germain vs Chelsea","Paris-Saint-Germain","Chelsea","TNT Sports 2","Discovery+ Premium","","","","","","",""
"Kamis","12-03-2026","04:0","Football","UEFA Champions League","Real-Madrid vs Manchester-City","Real-Madrid","Manchester-City","TNT Sports 1","Discovery+ Premium","","","","","","",""
"Kamis","12-03-2026","04:30","Football","","Argentinos-Juniors vs Rosario-Central","Argentinos-Juniors","Rosario-Central","Premier Sports 2","","","","","","","",""
"Kamis","12-03-2026","06:30","Tennis","","BNP Paribas Open","BNP Paribas Open","","Sky Sports Tennis","Sky Sports Main Event","Sky Sports Ultra HDR","Sky Sports+","","","","",""
"Kamis","12-03-2026","06:45","Football","","Boca-Juniors vs San-Lorenzo-de-Almagro","Boca-Juniors","San-Lorenzo-de-Almagro","Premier Player","","","","","","","",""
"Kamis","12-03-2026","07:30","Ice-Hockey","NHL","Washington-Capitals vs Philadelphia-Flyers","Washington-Capitals","Philadelphia-Flyers","Premier Sports 1","","","","","","","",""
"Kamis","12-03-2026","07:30","Ice-Hockey","NHL","Montreal-Canadiens vs Ottawa-Senators","Montreal-Canadiens","Ottawa-Senators","Premier Sports 2","","","","","","","",""
"Kamis","12-03-2026","07:30","Basketball","NBA","Orlando-Magic vs Cleveland-Cavaliers","Orlando-Magic","Cleveland-Cavaliers","NBA League Pass","","","","","","","",""
"Kamis","12-03-2026","07:30","Football","","Nashville-SC vs Inter-Miami-CF","Nashville-SC","Inter-Miami-CF","YouTube","","","","","","","",""
"Kamis","12-03-2026","08:0","Basketball","NBA","New-Orleans-Pelicans vs Toronto-Raptors","New-Orleans-Pelicans","Toronto-Raptors","NBA League Pass","","","","","","","",""
"Kamis","12-03-2026","08:0","Basketball","NBA","New-Orleans-Pelicans vs Toronto-Raptors","New-Orleans-Pelicans","Toronto-Raptors","NBA League Pass","","","","","","","",""
"Kamis","12-03-2026","08:30","Golf","","LIV Golf Singapore","LIV Golf Singapore","","TNT Sports 1","Discovery+ Premium","","","","","","",""
"Kamis","12-03-2026","09:0","Basketball","NBA","Utah-Jazz vs New-York-Knicks","Utah-Jazz","New-York-Knicks","NBA League Pass","","","","","","","",""
"Kamis","12-03-2026","09:30","Football","","LA-Galaxy vs Mount-Pleasant","LA-Galaxy","Mount-Pleasant","YouTube","","","","","","","",""
"Kamis","12-03-2026","10:0","Basketball","NBA","Denver-Nuggets vs Houston-Rockets","Denver-Nuggets","Houston-Rockets","NBA League Pass","","","","","","","",""
"Kamis","12-03-2026","10:0","Basketball","NBA","Sacramento-Kings vs Charlotte-Hornets","Sacramento-Kings","Charlotte-Hornets","NBA League Pass","","","","","","","",""
"Kamis","12-03-2026","10:30","Basketball","NBA","Los-Angeles-Clippers vs Minnesota-Timberwolves","Los-Angeles-Clippers","Minnesota-Timberwolves","NBA League Pass","","","","","","","",""
"Kamis","12-03-2026","11:30","Football","","San-Diego-FC vs Toluca","San-Diego-FC","Toluca","YouTube","","","","","","","",""
"Kamis","12-03-2026","16:30","Australian-Rules-Football","AFL","Carlton vs Richmond","Carlton","Richmond","TNT Sports 1","Watch AFL","Discovery+ Premium","","","","","",""
"Kamis","12-03-2026","17:0","Rugby-League","NRL","Brisbane-Broncos vs Parramatta-Eels","Brisbane-Broncos","Parramatta-Eels","Watch NRL","","","","","","","",""
"Kamis","12-03-2026","18:0","Cricket","","Player Auction","Player Auction","","Sky Sports Cricket","Sky Sports Main Event","Sky Sports Ultra HDR","","","","","",""
"Kamis","12-03-2026","19:30","Golf","","THE PLAYERS Championship","THE PLAYERS Championship","","Sky Sports Main Event","Sky Sports Golf","Sky Sports Ultra HDR","","","","","",""
"Kamis","12-03-2026","20:0","Cycling","","UCI Tirreno to Adriatico","UCI Tirreno to Adriatico","","TNT Sports 1","Discovery+ Premium","","","","","","",""
"Kamis","12-03-2026","20:15","Football","","Tampines-Rovers vs Bangkok-United","Tampines-Rovers","Bangkok-United","The AFC Hub","","","","","","","",""
"Kamis","12-03-2026","20:15","Winter Sports","","Freestyle Skiing World Cup","Freestyle Skiing World Cup","","TNT Sports 2","Discovery+ Premium","","","","","","",""
"Kamis","12-03-2026","20:45","Horse Racing","","Cheltenham Festival 2026","Cheltenham Festival 2026","","ITV1","ITVX","STV","STV Player","","","","",""
"Kamis","12-03-2026","21:0","Motorsport","","World Rally Championship Kenya","World Rally Championship Kenya","","TNT Sports 3","TNT Sports Extra","Discovery+ Premium","","","","","",""
"Kamis","12-03-2026","21:0","Winter Sports","","Cross Country Skiing World Cup","Cross Country Skiing World Cup","","TNT Sports 4","Discovery+ Premium","","","","","","",""
"Kamis","12-03-2026","22:0","Winter Sports","","Biathlon World Cup","Biathlon World Cup","","TNT Sports 4","Discovery+ Premium","","","","","","",""
"Kamis","12-03-2026","22:15","Cycling","","UCI Paris to Nice","UCI Paris to Nice","","TNT Sports 2","TNT Sports 1","Discovery+ Premium","","","","","",""
"Kamis","12-03-2026","22:15","Motorsport","","World Rally Championship Kenya","World Rally Championship Kenya","","TNT Sports 3","TNT Sports Extra","Discovery+ Premium","","","","","",""
"Kamis","12-03-2026","23:30","Winter Sports","","Cross Country Skiing World Cup","Cross Country Skiing World Cup","","TNT Sports 4","Discovery+ Premium","","","","","","",""
"Jumat","13-03-2026","01:0","Football","","Roma-Women vs Inter-Milan-Women","Roma-Women","Inter-Milan-Women","DAZN","","","","","","","",""
"Jumat","13-03-2026","01:45","Football","UEFA Europa League","Bologna vs Roma","Bologna","Roma","TNT Sports 3","Discovery+ Premium","","","","","","",""
"Jumat","13-03-2026","01:45","Football","UEFA Europa League","Lille vs Aston-Villa","Lille","Aston-Villa","TNT Sports 1","Discovery+ Premium","","","","","","",""
"Jumat","13-03-2026","01:45","Football","UEFA Europa League","Panathinaikos vs Real-Betis","Panathinaikos","Real-Betis","TNT Sports Extra","Discovery+","","","","","","",""
"Jumat","13-03-2026","01:45","Football","UEFA Europa League","VfB-Stuttgart vs FC-Porto","VfB-Stuttgart","FC-Porto","TNT Sports 4","Discovery+ Premium","","","","","","",""
"Jumat","13-03-2026","01:45","Football","UEFA Conference League","AZ-Alkmaar vs Sparta-Prague","AZ-Alkmaar","Sparta-Prague","TNT Sports Extra","Discovery+","","","","","","",""
"Jumat","13-03-2026","01:45","Football","UEFA Conference League","Lech-Poznan vs Shakhtar-Donetsk","Lech-Poznan","Shakhtar-Donetsk","TNT Sports Extra","Discovery+","","","","","","",""
"Jumat","13-03-2026","01:45","Football","UEFA Conference League","Rijeka vs Strasbourg","Rijeka","Strasbourg","TNT Sports Extra","Discovery+","","","","","","",""
"Jumat","13-03-2026","01:45","Football","UEFA Conference League","Samsunspor vs Rayo-Vallecano","Samsunspor","Rayo-Vallecano","TNT Sports Extra","Discovery+","","","","","","",""
"Jumat","13-03-2026","02:0","Tennis","","BNP Paribas Open","BNP Paribas Open","","Sky Sports Tennis","Sky Sports+","","","","","","",""
"Jumat","13-03-2026","03:0","Darts","","2026 Premier League Darts","2026 Premier League Darts","","Sky Sports Action","Sky Sports Main Event","Sky Sports Ultra HDR","","","","","",""
"Jumat","13-03-2026","04:0","Football","UEFA Europa League","Celta vs Olympique-Lyonnais","Celta","Olympique-Lyonnais","TNT Sports 3","Discovery+ Premium","","","","","","",""
"Jumat","13-03-2026","04:0","Football","UEFA Europa League","Ferencvaros vs Sporting-Braga","Ferencvaros","Sporting-Braga","TNT Sports Extra","Discovery+","","","","","","",""
"Jumat","13-03-2026","04:0","Football","UEFA Europa League","Genk vs SC-Freiburg","Genk","SC-Freiburg","TNT Sports 4","Discovery+ Premium","","","","","","",""
"Jumat","13-03-2026","04:0","Football","UEFA Europa League","Nottingham-Forest vs FC-Midtjylland","Nottingham-Forest","FC-Midtjylland","TNT Sports 1","TNT Sports Ultimate","Discovery+ Premium","","","","","",""
"Jumat","13-03-2026","04:0","Football","UEFA Conference League","NK-Celje vs AEK-Athens","NK-Celje","AEK-Athens","TNT Sports Extra","Discovery+","","","","","","",""
"Jumat","13-03-2026","04:0","Football","UEFA Conference League","Crystal-Palace vs AEK-Larnaca","Crystal-Palace","AEK-Larnaca","TNT Sports 2","Discovery+ Premium","","","","","","",""
"Jumat","13-03-2026","04:0","Football","UEFA Conference League","Fiorentina vs Rakow-Czestochowa","Fiorentina","Rakow-Czestochowa","TNT Sports Extra","Discovery+","","","","","","",""
"Jumat","13-03-2026","04:0","Football","UEFA Conference League","SK-Sigma-Olomouc vs FSV-Mainz-05","SK-Sigma-Olomouc","FSV-Mainz-05","TNT Sports Extra","Discovery+","","","","","","",""
"Jumat","13-03-2026","06:30","Football","Brasileiro Série A","Vasco-da-Gama vs Palmeiras","Vasco-da-Gama","Palmeiras","Premier Player","","","","","","","",""
"Jumat","13-03-2026","07:0","Tennis","","BNP Paribas Open","BNP Paribas Open","","Sky Sports Tennis","Sky Sports Main Event","Sky Sports Ultra HDR","","","","","",""
"Jumat","13-03-2026","07:0","Ice-Hockey","NHL","Calgary-Flames vs New-Jersey-Devils","Calgary-Flames","New-Jersey-Devils","Premier Sports 1","","","","","","","",""
"Jumat","13-03-2026","07:0","Ice-Hockey","NHL","San-Jose-Sharks vs Boston-Bruins","San-Jose-Sharks","Boston-Bruins","NHL.TV","","","","","","","",""
"Jumat","13-03-2026","07:0","Ice-Hockey","NHL","Washington-Capitals vs Buffalo-Sabres","Washington-Capitals","Buffalo-Sabres","NHL.TV","","","","","","","",""
"Jumat","13-03-2026","07:0","Ice-Hockey","NHL","Detroit-Red-Wings vs Tampa-Bay-Lightning","Detroit-Red-Wings","Tampa-Bay-Lightning","NHL.TV","","","","","","","",""
"Jumat","13-03-2026","07:0","Ice-Hockey","NHL","Columbus-Blue-Jackets vs Florida-Panthers","Columbus-Blue-Jackets","Florida-Panthers","NHL.TV","","","","","","","",""
"Jumat","13-03-2026","07:0","Ice-Hockey","NHL","St-Louis-Blues vs Carolina-Hurricanes","St-Louis-Blues","Carolina-Hurricanes","NHL.TV","","","","","","","",""
"Jumat","13-03-2026","07:0","Ice-Hockey","NHL","Anaheim-Ducks vs Toronto-Maple-Leafs","Anaheim-Ducks","Toronto-Maple-Leafs","Premier Sports 2","","","","","","","",""
"Jumat","13-03-2026","07:0","Basketball","NBA","Indiana-Pacers vs Phoenix-Suns","Indiana-Pacers","Phoenix-Suns","NBA League Pass","","","","","","","",""
"Jumat","13-03-2026","07:0","Basketball","NBA","Orlando-Magic vs Washington-Wizards","Orlando-Magic","Washington-Wizards","NBA League Pass","","","","","","","",""
"Jumat","13-03-2026","07:0","Basketball","NBA","Detroit-Pistons vs Philadelphia-76ers","Detroit-Pistons","Philadelphia-76ers","Amazon Prime Video","","","","","","","",""
"Jumat","13-03-2026","07:30","Basketball","NBA","Atlanta-Hawks vs Brooklyn-Nets","Atlanta-Hawks","Brooklyn-Nets","NBA League Pass","","","","","","","",""
"Jumat","13-03-2026","07:30","Basketball","NBA","Miami-Heat vs Milwaukee-Bucks","Miami-Heat","Milwaukee-Bucks","NBA League Pass","","","","","","","",""
"Jumat","13-03-2026","08:0","Ice-Hockey","NHL","Philadelphia-Flyers vs Minnesota-Wild","Philadelphia-Flyers","Minnesota-Wild","NHL.TV","","","","","","","",""
"Jumat","13-03-2026","08:0","Ice-Hockey","NHL","Edmonton-Oilers vs Dallas-Stars","Edmonton-Oilers","Dallas-Stars","Premier Sports 1","","","","","","","",""
"Jumat","13-03-2026","08:0","Ice-Hockey","NHL","New-York-Rangers vs Winnipeg-Jets","New-York-Rangers","Winnipeg-Jets","NHL.TV","","","","","","","",""
"Jumat","13-03-2026","08:0","Basketball","NBA","Memphis-Grizzlies vs Dallas-Mavericks","Memphis-Grizzlies","Dallas-Mavericks","NBA League Pass","","","","","","","",""
"Jumat","13-03-2026","08:0","Football","","FC-Cincinnati vs Tigres-UANL","FC-Cincinnati","Tigres-UANL","YouTube","","","","","","","",""
"Jumat","13-03-2026","08:0","Ice-Hockey","NHL","Philadelphia-Flyers vs Minnesota-Wild","Philadelphia-Flyers","Minnesota-Wild","NHL.TV","","","","","","","",""
"Jumat","13-03-2026","08:0","Ice-Hockey","NHL","Edmonton-Oilers vs Dallas-Stars","Edmonton-Oilers","Dallas-Stars","Premier Sports 1","","","","","","","",""
"Jumat","13-03-2026","08:0","Ice-Hockey","NHL","New-York-Rangers vs Winnipeg-Jets","New-York-Rangers","Winnipeg-Jets","NHL.TV","","","","","","","",""
"Jumat","13-03-2026","08:0","Basketball","NBA","Memphis-Grizzlies vs Dallas-Mavericks","Memphis-Grizzlies","Dallas-Mavericks","NBA League Pass","","","","","","","",""
"Jumat","13-03-2026","08:0","Football","","FC-Cincinnati vs Tigres-UANL","FC-Cincinnati","Tigres-UANL","YouTube","","","","","","","",""
"Jumat","13-03-2026","09:0","Ice-Hockey","NHL","Chicago-Blackhawks vs Utah-Mammoth","Chicago-Blackhawks","Utah-Mammoth","NHL.TV","","","","","","","",""
"Jumat","13-03-2026","09:0","Basketball","NBA","San-Antonio-Spurs vs Denver-Nuggets","San-Antonio-Spurs","Denver-Nuggets","NBA League Pass","","","","","","","",""
"Jumat","13-03-2026","09:0","Formula 1","","F1 Academy","F1 Academy","","Sky Sports F1","Sky Sports Ultra HDR","","","","","","",""
"Jumat","13-03-2026","09:5","Golf","","LIV Golf Singapore","LIV Golf Singapore","","TNT Sports 1","Discovery+ Premium","","","","","","",""
"Jumat","13-03-2026","09:30","Basketball","NBA","Oklahoma-City-Thunder vs Boston-Celtics","Oklahoma-City-Thunder","Boston-Celtics","Amazon Prime Video","","","","","","","",""
"Jumat","13-03-2026","10:0","Ice-Hockey","NHL","Pittsburgh-Penguins vs Vegas-Golden-Knights","Pittsburgh-Penguins","Vegas-Golden-Knights","NHL.TV","","","","","","","",""
"Jumat","13-03-2026","10:0","Ice-Hockey","NHL","Colorado-Avalanche vs Seattle-Kraken","Colorado-Avalanche","Seattle-Kraken","NHL.TV","","","","","","","",""
"Jumat","13-03-2026","10:0","Ice-Hockey","NHL","Nashville-Predators vs Vancouver-Canucks","Nashville-Predators","Vancouver-Canucks","NHL.TV","","","","","","","",""
"Jumat","13-03-2026","10:0","Football","","Vancouver vs Seattle-Sounders-FC","Vancouver","Seattle-Sounders-FC","YouTube","","","","","","","",""
"Jumat","13-03-2026","10:30","Basketball","NBA","Los-Angeles-Lakers vs Chicago-Bulls","Los-Angeles-Lakers","Chicago-Bulls","NBA League Pass","","","","","","","",""
"Jumat","13-03-2026","11:30","Formula 1","","Chinese Grand Prix","Chinese Grand Prix","","Sky Sports F1","Sky Sports Main Event","Sky Sports Ultra HDR","","","","","",""
"Jumat","13-03-2026","13:45","Motorsport","","World Rally Championship Kenya","World Rally Championship Kenya","","TNT Sports 3","TNT Sports Extra","Discovery+ Premium","","","","","",""
"Jumat","13-03-2026","14:0","Formula 1","","F1 Academy","F1 Academy","","Sky Sports F1","Sky Sports Main Event","Sky Sports Ultra HDR","","","","","",""
"Jumat","13-03-2026","14:5","Rugby-Union","Super Rugby Pacific","Hurricanes vs Western-Force","Hurricanes","Western-Force","Sky Sports+","","","","","","","",""
"Jumat","13-03-2026","15:0","Rugby-League","NRL","New-Zealand-Warriors vs Canberra-Raiders","New-Zealand-Warriors","Canberra-Raiders","Watch NRL","","","","","","","",""
"Jumat","13-03-2026","15:30","Formula 1","","Chinese Grand Prix","Chinese Grand Prix","","Sky Sports F1","Sky Sports Main Event","Sky Sports Ultra HDR","","","","","",""
"Jumat","13-03-2026","16:0","Football","","Adelaide-United-Women vs Perth-Glory-Women","Adelaide-United-Women","Perth-Glory-Women","TNT Sports Extra","Discovery+ Premium","","","","","","",""
"Jumat","13-03-2026","16:0","Football","","Newcastle-Jets-Women vs Sydney-FC-Women","Newcastle-Jets-Women","Sydney-FC-Women","TNT Sports Extra","Discovery+ Premium","","","","","","",""
"Jumat","13-03-2026","16:0","Football","A-League Men","Brisbane-Roar vs Western-Sydney-Wanderers","Brisbane-Roar","Western-Sydney-Wanderers","TNT Sports 4","Discovery+ Premium","","","","","","",""
"Jumat","13-03-2026","16:40","Australian-Rules-Football","AFL","Essendon vs Hawthorn","Essendon","Hawthorn","TNT Sports 1","Watch AFL","Discovery+ Premium","","","","","",""
"Jumat","13-03-2026","17:0","Rugby-League","NRL","Sydney-Roosters vs South-Sydney-Rabbitohs","Sydney-Roosters","South-Sydney-Rabbitohs","Sky Sports Action","Watch NRL","","","","","","",""
"Jumat","13-03-2026","18:0","Football","","TBC vs TBC","TBC","TBC","OneFootball","YouTube","","","","","","",""
"Jumat","13-03-2026","18:30","Motorsport","","World Rally Championship Kenya","World Rally Championship Kenya","","TNT Sports 3","TNT Sports Extra","Discovery+ Premium","","","","","",""
"Jumat","13-03-2026","19:30","Golf","","THE PLAYERS Championship","THE PLAYERS Championship","","Sky Sports Main Event","Sky Sports Golf","Sky Sports Ultra HDR","","","","","",""
"Jumat","13-03-2026","20:0","Darts","","European Darts Open","European Darts Open","","PDC.TV","","","","","","","",""
"Jumat","13-03-2026","20:0","Cycling","","UCI Tirreno to Adriatico","UCI Tirreno to Adriatico","","TNT Sports 1","TNT Sports Extra","Discovery+ Premium","","","","","",""
"Jumat","13-03-2026","20:45","Horse Racing","","Cheltenham Festival 2026","Cheltenham Festival 2026","","ITV1","ITVX","STV","STV Player","","","","",""
"Jumat","13-03-2026","22:0","Winter Sports","","Biathlon World Cup","Biathlon World Cup","","TNT Sports 4","Discovery+ Premium","","","","","","",""
"Jumat","13-03-2026","22:15","Cycling","","UCI Paris to Nice","UCI Paris to Nice","","TNT Sports 1","TNT Sports 2","Discovery+ Premium","","","","","",""
"Jumat","13-03-2026","23:45","Winter Sports","","Biathlon World Cup","Biathlon World Cup","","TNT Sports 4","Discovery+ Premium","","","","","","",""
"Sabtu","14-03-2026","01:30","Football","Bundesliga 2","FC-Magdeburg vs SV-Darmstadt-98","FC-Magdeburg","SV-Darmstadt-98","Bundesliga YouTube","","","","","","","",""
"Sabtu","14-03-2026","01:30","Football","Bundesliga 2","Greuther-Furth vs SV-Elversberg","Greuther-Furth","SV-Elversberg","Bundesliga YouTube","","","","","","","",""
"Sabtu","14-03-2026","01:30","Motorsport","","World Rally Championship Kenya","World Rally Championship Kenya","","TNT Sports Extra","TNT Sports 4","Discovery+ Premium","","","","","",""
"Sabtu","14-03-2026","02:0","Darts","","European Darts Open","European Darts Open","","PDC.TV","","","","","","","",""
"Sabtu","14-03-2026","02:0","Tennis","","BNP Paribas Open","BNP Paribas Open","","Sky Sports Tennis","Sky Sports+","","","","","","",""
"Sabtu","14-03-2026","03:0","Football","Premier League 2","Arsenal-U21 vs Leicester-City-U21","Arsenal-U21","Leicester-City-U21","Arsenal.com","","","","","","","",""
"Sabtu","14-03-2026","03:0","Football","Premier League 2","Manchester-United-U21 vs Southampton-U21","Manchester-United-U21","Southampton-U21","MUTV","","","","","","","",""
"Sabtu","14-03-2026","03:0","Football","","Manchester-City-U18s vs Everton-U18s","Manchester-City-U18s","Everton-U18s","CITY+","","","","","","","",""
"Sabtu","14-03-2026","03:30","Rugby-Union","","Loughborough-Lightning vs Harlequins-Ladies","Loughborough-Lightning","Harlequins-Ladies","YouTube","","","","","","","",""
"Sabtu","14-03-2026","03:30","Netball","Netball Superleague","Cardiff-Dragons vs Manchester-Thunder","Cardiff-Dragons","Manchester-Thunder","Sky Sports YouTube","","","","","","","",""
"Sabtu","14-03-2026","03:30","Football","Bundesliga","Borussia-Monchengladbach vs St-Pauli","Borussia-Monchengladbach","St-Pauli","Bundesliga YouTube","BBC iPlayer","BBC Sport Website","","","","","",""
"Sabtu","14-03-2026","03:30","Basketball","Super League Basketball","Leicester-Riders vs Cheshire-Phoenix","Leicester-Riders","Cheshire-Phoenix","DAZN","","","","","","","",""
"Sabtu","14-03-2026","03:30","Basketball","Super League Basketball","Newcastle-Eagles vs Caledonia-Gladiators","Newcastle-Eagles","Caledonia-Gladiators","DAZN","","","","","","","",""
"Sabtu","14-03-2026","03:30","Football","La Liga 2","Mirandes vs Cadiz","Mirandes","Cadiz","Premier Player","","","","","","","",""
"Sabtu","14-03-2026","03:45","Rugby-Union","United Rugby Championship","Edinburgh vs Ulster","Edinburgh","Ulster","Premier Sports 1","","","","","","","",""
"Sabtu","14-03-2026","03:45","Rugby-Union","United Rugby Championship","Connacht vs Scarlets","Connacht","Scarlets","Premier Sports 2","TG4","","","","","","",""
"Sabtu","14-03-2026","03:45","Football","","Bohemians-Dublin vs Galway-United","Bohemians-Dublin","Galway-United","LOITV","","","","","","","",""
"Sabtu","14-03-2026","03:45","Football","","Derry-City vs Shelbourne","Derry-City","Shelbourne","LOITV","","","","","","","",""
"Sabtu","14-03-2026","03:45","Football","","Dundalk vs Waterford-United","Dundalk","Waterford-United","LOITV","","","","","","","",""
"Sabtu","14-03-2026","03:45","Football","","St-Patricks-Athletic vs Drogheda-United","St-Patricks-Athletic","Drogheda-United","LOITV","","","","","","","",""
"Sabtu","14-03-2026","03:45","Football","","Morton vs Partick-Thistle","Morton","Partick-Thistle","BBC Scotland","BBC iPlayer","BBC Sport Website","","","","","",""
"Sabtu","14-03-2026","03:45","Football","NIFL Premiership","Larne-FC vs Dungannon-Swifts","Larne-FC","Dungannon-Swifts","BBC iPlayer","BBC Sport Website","","","","","","",""
"Sabtu","14-03-2026","03:45","Football","Serie A","Torino vs Parma","Torino","Parma","DAZN","","","","","","","",""
"Sabtu","14-03-2026","03:45","Football","Ligue 1","Marseille vs Auxerre","Marseille","Auxerre","Ligue 1+","","","","","","","",""
"Sabtu","14-03-2026","03:45","Football","League Two","Colchester-United vs Crawley-Town","Colchester-United","Crawley-Town","Sky Sports+","","","","","","","",""
"Sabtu","14-03-2026","04:0","Football","","Sligo-Rovers vs Shamrock-Rovers","Sligo-Rovers","Shamrock-Rovers","LOITV","","","","","","","",""
"Sabtu","14-03-2026","04:0","Football","Championship","Wrexham vs Swansea-City","Wrexham","Swansea-City","Sky Sports Football","","","","","","","",""
"Sabtu","14-03-2026","04:0","Football","La Liga","Deportivo-Alaves vs Villarreal","Deportivo-Alaves","Villarreal","LaLigaTV","","","","","","","",""
"Sabtu","14-03-2026","04:0","Motorsport","","IndyCar Texas 600","IndyCar Texas 600","","Sky Sports F1","Sky Sports Ultra HDR","","","","","","",""
"Sabtu","14-03-2026","04:0","Rugby-League","Challenge Cup","Wakefield-Trinity vs Leeds-Rhinos","Wakefield-Trinity","Leeds-Rhinos","BBC iPlayer","BBC Sport Website","BBC Red Button","","","","","",""
"Sabtu","14-03-2026","06:30","Tennis","","BNP Paribas Open","BNP Paribas Open","","Sky Sports Main Event","Sky Sports Tennis","Sky Sports Ultra HDR","","","","","",""
"Sabtu","14-03-2026","07:0","Ice-Hockey","NHL","Los-Angeles-Kings vs New-York-Islanders","Los-Angeles-Kings","New-York-Islanders","Premier Sports 2","","","","","","","",""
"Sabtu","14-03-2026","07:30","Basketball","NBA","Detroit-Pistons vs Memphis-Grizzlies","Detroit-Pistons","Memphis-Grizzlies","NBA League Pass","","","","","","","",""
"Sabtu","14-03-2026","07:30","Basketball","NBA","Indiana-Pacers vs New-York-Knicks","Indiana-Pacers","New-York-Knicks","NBA League Pass","","","","","","","",""
"Sabtu","14-03-2026","07:30","Basketball","NBA","Toronto-Raptors vs Phoenix-Suns","Toronto-Raptors","Phoenix-Suns","NBA League Pass","","","","","","","",""
"Sabtu","14-03-2026","07:30","Basketball","NBA","Dallas-Mavericks vs Cleveland-Cavaliers","Dallas-Mavericks","Cleveland-Cavaliers","Amazon Prime Video","","","","","","","",""
"Sabtu","14-03-2026","08:0","Football","","Washington-Spirit vs Portland-Thorns-FC","Washington-Spirit","Portland-Thorns-FC","NWSL+","","","","","","","",""
"Sabtu","14-03-2026","08:0","Ice-Hockey","NHL","Edmonton-Oilers vs St-Louis-Blues","Edmonton-Oilers","St-Louis-Blues","Premier Sports 1","","","","","","","",""
"Sabtu","14-03-2026","08:0","Basketball","NBA","Houston-Rockets vs New-Orleans-Pelicans","Houston-Rockets","New-Orleans-Pelicans","NBA League Pass","","","","","","","",""
"Sabtu","14-03-2026","08:0","Football","","Washington-Spirit vs Portland-Thorns-FC","Washington-Spirit","Portland-Thorns-FC","NWSL+","","","","","","","",""
"Sabtu","14-03-2026","08:0","Ice-Hockey","NHL","Edmonton-Oilers vs St-Louis-Blues","Edmonton-Oilers","St-Louis-Blues","Premier Sports 1","","","","","","","",""
"Sabtu","14-03-2026","08:0","Basketball","NBA","Houston-Rockets vs New-Orleans-Pelicans","Houston-Rockets","New-Orleans-Pelicans","NBA League Pass","","","","","","","",""
"Sabtu","14-03-2026","09:0","Golf","","LIV Golf Singapore","LIV Golf Singapore","","TNT Sports 1","Discovery+ Premium","","","","","","",""
"Sabtu","14-03-2026","10:0","Football","A-League Men","Wellington-Phoenix vs Perth-Glory","Wellington-Phoenix","Perth-Glory","TNT Sports 2","Discovery+ Premium","","","","","","",""
"Sabtu","14-03-2026","10:0","Basketball","NBA","Portland-Trail-Blazers vs Utah-Jazz","Portland-Trail-Blazers","Utah-Jazz","NBA League Pass","","","","","","","",""
"Sabtu","14-03-2026","10:0","Basketball","NBA","Golden-State-Warriors vs Minnesota-Timberwolves","Golden-State-Warriors","Minnesota-Timberwolves","Amazon Prime Video","","","","","","","",""
"Sabtu","14-03-2026","10:30","Basketball","NBA","Los-Angeles-Clippers vs Chicago-Bulls","Los-Angeles-Clippers","Chicago-Bulls","NBA League Pass","","","","","","","",""
"Sabtu","14-03-2026","11:0","Formula 1","","Chinese Grand Prix","Chinese Grand Prix","","Sky Sports F1","Sky Sports Ultra HDR","","","","","","",""
"Sabtu","14-03-2026","11:0","Rugby-Union","","Spears-Tokyo-Bay vs Saitama-Wild-Knights","Spears-Tokyo-Bay","Saitama-Wild-Knights","Premier Sports Rugby","","","","","","","",""
"Sabtu","14-03-2026","11:35","Rugby-Union","Super Rugby Pacific","Fijian-Drua vs Brumbies","Fijian-Drua","Brumbies","Sky Sports+","","","","","","","",""
"Sabtu","14-03-2026","12:0","Rugby-League","NRL","Wests-Tigers vs North-Queensland-Cowboys","Wests-Tigers","North-Queensland-Cowboys","Watch NRL","","","","","","","",""
"Sabtu","14-03-2026","12:0","Football","A-League Men","Central-Coast-Mariners vs Adelaide-United","Central-Coast-Mariners","Adelaide-United","TNT Sports 2","TNT Sports Extra","Discovery+ Premium","","","","","",""
"Sabtu","14-03-2026","13:0","Football","","Wellington-Phoenix-Women vs Brisbane-Roar-Women","Wellington-Phoenix-Women","Brisbane-Roar-Women","TNT Sports Extra","Discovery+ Premium","","","","","","",""
"Sabtu","14-03-2026","13:0","Football","","TBC vs TBC","TBC","TBC","OneFootball","YouTube","","","","","","",""
"Sabtu","14-03-2026","13:15","Australian-Rules-Football","AFL","Geelong-Cats vs Fremantle","Geelong-Cats","Fremantle","TNT Sports 3","Watch AFL","Discovery+ Premium","","","","","",""
"Sabtu","14-03-2026","13:45","Formula 1","","F1 Academy","F1 Academy","","Sky Sports F1","Sky Sports Main Event","Sky Sports Ultra HDR","","","","","",""
"Sabtu","14-03-2026","14:0","Football","A-League Men","Newcastle-Jets vs Auckland-FC","Newcastle-Jets","Auckland-FC","TNT Sports 2","TNT Sports Extra","Discovery+ Premium","","","","","",""
"Sabtu","14-03-2026","14:5","Rugby-Union","Super Rugby Pacific","Crusaders vs Highlanders","Crusaders","Highlanders","Sky Sports+","","","","","","","",""
"Sabtu","14-03-2026","14:30","Rugby-League","NRL","St-George-Illawarra-Dragons vs Melbourne-Storm","St-George-Illawarra-Dragons","Melbourne-Storm","Watch NRL","","","","","","","",""
"Sabtu","14-03-2026","14:30","Motorsport","","World Rally Championship Kenya","World Rally Championship Kenya","","TNT Sports 4","TNT Sports Extra","Discovery+ Premium","","","","","",""
"Sabtu","14-03-2026","15:0","Formula 1","","Chinese Grand Prix","Chinese Grand Prix","","Sky Sports F1","Sky Sports Ultra HDR","","","","","","",""
"Sabtu","14-03-2026","15:0","Football","","Melbourne-Victory-Women vs Western-Sydney-Wanderers-Women","Melbourne-Victory-Women","Western-Sydney-Wanderers-Women","TNT Sports Extra","Discovery+ Premium","","","","","","",""
"Sabtu","14-03-2026","15:0","Motorsport","","World Rally Championship Kenya","World Rally Championship Kenya","","TNT Sports 1","Discovery+ Premium","","","","","","",""
"Sabtu","14-03-2026","16:10","Australian-Rules-Football","AFL","Sydney-Swans vs Brisbane-Lions","Sydney-Swans","Brisbane-Lions","TNT Sports Extra","Watch AFL","Discovery+ Premium","","","","","",""
"Sabtu","14-03-2026","16:30","Rugby-League","NRL","Penrith-Panthers vs Cronulla-Sharks","Penrith-Panthers","Cronulla-Sharks","Sky Sports Action","Watch NRL","","","","","","",""
"Sabtu","14-03-2026","16:35","Rugby-Union","Super Rugby Pacific","Reds vs Waratahs","Reds","Waratahs","Sky Sports+","","","","","","","",""
"Sabtu","14-03-2026","16:35","Australian-Rules-Football","AFL","Collingwood vs Adelaide-Crows","Collingwood","Adelaide-Crows","TNT Sports 3","Watch AFL","Discovery+ Premium","","","","","",""
"Sabtu","14-03-2026","16:45","Winter Sports","","Alpine Skiing World Cup","Alpine Skiing World Cup","","TNT Sports 2","TNT Sports Extra","Discovery+ Premium","","","","","",""
"Sabtu","14-03-2026","16:45","Winter Sports","","Cross Country Skiing World Cup","Cross Country Skiing World Cup","","TNT Sports 4","TNT Sports Extra","Discovery+ Premium","","","","","",""
"Sabtu","14-03-2026","17:0","Football","","TBC vs TBC","TBC","TBC","OneFootball","YouTube","","","","","","",""
"Sabtu","14-03-2026","17:30","Winter Sports","","Cross Country Skiing World Cup","Cross Country Skiing World Cup","","TNT Sports Extra","Discovery+","","","","","","",""
"Sabtu","14-03-2026","17:50","Winter Sports","","Freestyle Skiing World Cup","Freestyle Skiing World Cup","","TNT Sports Extra","Discovery+","","","","","","",""
"Sabtu","14-03-2026","18:0","Winter Sports","","Alpine Skiing World Cup","Alpine Skiing World Cup","","TNT Sports 2","Discovery+ Premium","","","","","","",""
"Sabtu","14-03-2026","19:0","Football","","Brighton-and-Hove-Albion-U18s vs Chelsea-U18","Brighton-and-Hove-Albion-U18s","Chelsea-U18","ChelseaFC.com","Chelsea Official App","","","","","","",""
"Sabtu","14-03-2026","19:30","Motorsport","","World Rally Championship Kenya","World Rally Championship Kenya","","TNT Sports 3","TNT Sports Extra","Discovery+ Premium","","","","","",""
"Sabtu","14-03-2026","19:45","Winter Sports","","Alpine Skiing World Cup","Alpine Skiing World Cup","","TNT Sports 2","Discovery+ Premium","","","","","","",""
"Sabtu","14-03-2026","20:0","Rugby-Union","United Rugby Championship","Bulls vs Stormers","Bulls","Stormers","Premier Sports 1","","","","","","","",""
"Sabtu","14-03-2026","20:0","Darts","","European Darts Open","European Darts Open","","PDC.TV","","","","","","","",""
"Sabtu","14-03-2026","20:0","Football","","Tottenham-Hotspur-U18 vs Southampton-U18s","Tottenham-Hotspur-U18","Southampton-U18s","SpursPlay","","","","","","","",""
"Sabtu","14-03-2026","20:0","Football","Bundesliga 2","Arminia-Bielefeld vs SC-Paderborn","Arminia-Bielefeld","SC-Paderborn","Bundesliga YouTube","","","","","","","",""
"Sabtu","14-03-2026","20:0","Football","Bundesliga 2","Holstein-Kiel vs Nurnberg","Holstein-Kiel","Nurnberg","Bundesliga YouTube","","","","","","","",""
"Sabtu","14-03-2026","20:0","Football","Bundesliga 2","Eintracht-Braunschweig vs Fortuna-Dusseldorf","Eintracht-Braunschweig","Fortuna-Dusseldorf","Bundesliga YouTube","","","","","","","",""
"Sabtu","14-03-2026","20:0","Cycling","","UCI Tirreno to Adriatico","UCI Tirreno to Adriatico","","TNT Sports Extra","TNT Sports 4","Discovery+ Premium","","","","","",""
"Sabtu","14-03-2026","20:15","Australian-Rules-Football","AFL","Western-Bulldogs vs GWS-Giants","Western-Bulldogs","GWS-Giants","TNT Sports 3","Watch AFL","Discovery+ Premium","","","","","",""
"Sabtu","14-03-2026","20:30","Rugby-Union","","Exeter-Chiefs-Women vs Ealing-Trailfinders-Women","Exeter-Chiefs-Women","Ealing-Trailfinders-Women","BBC iPlayer","BBC Sport Website","BBC Red Button","","","","","",""
"Sabtu","14-03-2026","20:30","Football","National League","Wealdstone vs Solihull-Moors","Wealdstone","Solihull-Moors","DAZN National League","","","","","","","",""
"Sabtu","14-03-2026","20:30","Football","Championship","Coventry-City vs Southampton","Coventry-City","Southampton","Sky Sports Football","","","","","","","",""
"Sabtu","14-03-2026","20:30","Football","Championship","Middlesbrough vs Bristol-City","Middlesbrough","Bristol-City","Sky Sports+","","","","","","","",""
"Sabtu","14-03-2026","20:30","Football","Championship","Oxford-Utd vs Charlton-Athletic","Oxford-Utd","Charlton-Athletic","Sky Sports+","","","","","","","",""
"Sabtu","14-03-2026","20:30","Football","League One","Lincoln-City vs Stockport-County","Lincoln-City","Stockport-County","Sky Sports+","","","","","","","",""
"Sabtu","14-03-2026","20:30","Football","League One","Rotherham-United vs Bolton-Wanderers","Rotherham-United","Bolton-Wanderers","Sky Sports+","","","","","","","",""
"Sabtu","14-03-2026","20:30","Football","League Two","Notts-County vs Chesterfield","Notts-County","Chesterfield","Sky Sports+","","","","","","","",""
"Sabtu","14-03-2026","20:30","Football","League Two","Harrogate-Town vs Salford-City","Harrogate-Town","Salford-City","Sky Sports+","","","","","","","",""
"Sabtu","14-03-2026","20:30","Football","Cymru Premier","Flint-Town-United vs Bala-Town","Flint-Town-United","Bala-Town","BBC iPlayer","S4C Online","","","","","","",""
"Sabtu","14-03-2026","20:30","Winter Sports","","Biathlon World Cup","Biathlon World Cup","","TNT Sports Extra","Discovery+","","","","","","",""
"Sabtu","14-03-2026","21:0","Rugby-Union","","Leicester-Tigers-Women vs Sale-Sharks-Women","Leicester-Tigers-Women","Sale-Sharks-Women","YouTube","","","","","","","",""
"Sabtu","14-03-2026","21:0","Football","La Liga","Girona vs Athletic-Bilbao","Girona","Athletic-Bilbao","Premier Sports 2","","","","","","","",""
"Sabtu","14-03-2026","21:15","Winter Sports","","Ski Jumping World Cup","Ski Jumping World Cup","","TNT Sports 2","Discovery+ Premium","","","","","","",""
"Sabtu","14-03-2026","21:30","Motorsport","","IndyCar Texas 600","IndyCar Texas 600","","Sky Sports F1","Sky Sports Ultra HDR","","","","","","",""
"Sabtu","14-03-2026","21:30","Horse Racing","","Live Racing","Live Racing","","ITV4","ITVX","","","","","","",""
"Sabtu","14-03-2026","22:0","Football","Premier League 2","Chelsea-U21 vs Sunderland-U21","Chelsea-U21","Sunderland-U21","ChelseaFC.com","Chelsea Official App","","","","","","",""
"Sabtu","14-03-2026","22:0","Football","Serie A","Inter-Milan vs Atalanta","Inter-Milan","Atalanta","DAZN","","","","","","","",""
"Sabtu","14-03-2026","22:10","Rugby-Union","Six Nations 2026","Ireland vs Scotland","Ireland","Scotland","ITV1","ITVX","STV","STV Player","","","","",""
"Sabtu","14-03-2026","23:0","Golf","","THE PLAYERS Championship","THE PLAYERS Championship","","Sky Sports Main Event","Sky Sports Golf","Sky Sports Ultra HDR","","","","","",""
"Sabtu","14-03-2026","23:0","Rugby-League","Challenge Cup","Huddersfield-Giants vs Hull-KR","Huddersfield-Giants","Hull-KR","TheSportsman.com","","","","","","","",""
"Sabtu","14-03-2026","23:0","Winter Sports","","Biathlon World Cup","Biathlon World Cup","","TNT Sports 3","Discovery+ Premium","","","","","","",""
"Sabtu","14-03-2026","23:0","Football","Premier League","Burnley vs Bournemouth-AFC","Burnley","Bournemouth-AFC","Not Televised","","","","","","","",""
"Sabtu","14-03-2026","23:0","Football","Premier League","Sunderland vs Brighton","Sunderland","Brighton","Not Televised","","","","","","","",""
"Sabtu","14-03-2026","23:15","Football","La Liga","Atletico-Madrid vs Getafe","Atletico-Madrid","Getafe","LaLigaTV","","","","","","","",""
"Sabtu","14-03-2026","23:45","Winter Sports","","Ski Jumping World Cup","Ski Jumping World Cup","","TNT Sports 2","Discovery+ Premium","","","","","","",""
"Minggu","15-03-2026","24:0","Netball","Netball Superleague","Birmingham-Panthers vs London-Mavericks","Birmingham-Panthers","London-Mavericks","Sky Sports+","Sky Sports YouTube","","","","","","",""
"Minggu","15-03-2026","24:30","Football","","Boston-Legacy vs Gotham-FC","Boston-Legacy","Gotham-FC","NWSL+","","","","","","","",""
"Minggu","15-03-2026","24:40","Rugby-Union","Six Nations 2026","Wales vs Italy","Wales","Italy","BBC1","Premier Sports 1","Premier Sports Rugby","BBC iPlayer","BBC Sport Website","S4C","S4C Online","",""
"Minggu","15-03-2026","01:0","Football","MLS","Toronto-FC vs New-York-Red-Bulls","Toronto-FC","New-York-Red-Bulls","Apple TV","","","","","","","",""
"Minggu","15-03-2026","01:0","Ice-Hockey","NHL","Anaheim-Ducks vs Ottawa-Senators","Anaheim-Ducks","Ottawa-Senators","NHL.TV","","","","","","","",""
"Minggu","15-03-2026","01:0","Basketball","NBA","Philadelphia-76ers vs Brooklyn-Nets","Philadelphia-76ers","Brooklyn-Nets","NBA League Pass","","","","","","","",""
"Minggu","15-03-2026","01:0","Football","Serie A","Napoli vs Lecce","Napoli","Lecce","DAZN","","","","","","","",""
"Minggu","15-03-2026","01:30","Football","Premier League","Chelsea vs Newcastle-United","Chelsea","Newcastle-United","Sky Sports Premier League","Sky Sports Main Event","Sky Sports Ultra HDR","","","","","",""
"Minggu","15-03-2026","01:30","Football","Premier League","Arsenal vs Everton","Arsenal","Everton","Sky Sports Football","","","","","","","",""
"Minggu","15-03-2026","01:30","Football","National League","Eastleigh vs Rochdale","Eastleigh","Rochdale","DAZN National League","","","","","","","",""
"Minggu","15-03-2026","01:30","Football","National League","Morecambe vs Braintree-Town","Morecambe","Braintree-Town","DAZN National League","","","","","","","",""
"Minggu","15-03-2026","01:30","Football","National League","Scunthorpe-United vs Altrincham","Scunthorpe-United","Altrincham","DAZN National League","","","","","","","",""
"Minggu","15-03-2026","01:30","Football","Bundesliga","Hamburger-SV vs Cologne","Hamburger-SV","Cologne","Sky Sports TBC","","","","","","","",""
"Minggu","15-03-2026","01:30","Football","","Montrose vs Alloa","Montrose","Alloa","BBC iPlayer","BBC Sport Website","BBC Alba","","","","","",""
"Minggu","15-03-2026","01:30","Football","La Liga","Real-Oviedo vs Valencia","Real-Oviedo","Valencia","Premier Sports 2","","","","","","","",""
"Minggu","15-03-2026","01:45","Football","Eredivisie","PSV-Eindhoven vs NEC-Nijmegen","PSV-Eindhoven","NEC-Nijmegen","TrillerTV+","","","","","","","",""
"Minggu","15-03-2026","01:45","Winter Sports","","Snowboarding World Cup","Snowboarding World Cup","","TNT Sports 4","Discovery+ Premium","","","","","","",""
"Minggu","15-03-2026","02:0","Football","","Sheffield-United-Women vs Newcastle-United-Women","Sheffield-United-Women","Newcastle-United-Women","WSL2 YouTube","","","","","","","",""
"Minggu","15-03-2026","02:0","Darts","","European Darts Open","European Darts Open","","PDC.TV","","","","","","","",""
"Minggu","15-03-2026","02:0","Netball","Netball Superleague","Loughborough-Lightning vs London-Pulse","Loughborough-Lightning","London-Pulse","Sky Sports Mix","Sky Sports+","Sky Sports YouTube","","","","","",""
"Minggu","15-03-2026","02:0","Basketball","Super League Basketball","Surrey-89ers vs Sheffield-Sharks","Surrey-89ers","Sheffield-Sharks","DAZN","","","","","","","",""
"Minggu","15-03-2026","02:0","Football","Ligue 1","Angers vs Nice","Angers","Nice","Ligue 1+","","","","","","","",""
"Minggu","15-03-2026","02:30","Motorsport","","IndyCar Texas 600","IndyCar Texas 600","","Sky Sports F1","Sky Sports Ultra HDR","","","","","","",""
"Minggu","15-03-2026","03:0","Boxing","","Live Boxing","Live Boxing","","DAZN","","","","","","","",""
"Minggu","15-03-2026","03:0","Ice-Hockey","NHL","Boston-Bruins vs Washington-Capitals","Boston-Bruins","Washington-Capitals","NHL.TV","","","","","","","",""
"Minggu","15-03-2026","03:0","Basketball","NBA","Atlanta-Hawks vs Milwaukee-Bucks","Atlanta-Hawks","Milwaukee-Bucks","NBA League Pass","","","","","","","",""
"Minggu","15-03-2026","03:15","Football","MLS","Atlanta-United vs Philadelphia-Union","Atlanta-United","Philadelphia-Union","Apple TV","","","","","","","",""
"Minggu","15-03-2026","03:30","Basketball","NBA","San-Antonio-Spurs vs Charlotte-Hornets","San-Antonio-Spurs","Charlotte-Hornets","Amazon Prime Video","","","","","","","",""
"Minggu","15-03-2026","03:30","Tennis","","BNP Paribas Open","BNP Paribas Open","","Sky Sports Tennis","Sky Sports+","","","","","","",""
"Minggu","15-03-2026","03:30","Football","Bundesliga 2","Hertha-Berlin vs VfL-Bochum","Hertha-Berlin","VfL-Bochum","Bundesliga YouTube","","","","","","","",""
"Minggu","15-03-2026","03:45","Football","Serie A","Udinese vs Juventus","Udinese","Juventus","DAZN","","","","","","","",""
"Minggu","15-03-2026","04:0","Football","Premier League","West-Ham-United vs Manchester-City","West-Ham-United","Manchester-City","TNT Sports 1","TNT Sports Ultimate","Discovery+ Premium","","","","","",""
"Minggu","15-03-2026","04:0","Football","Scottish Premiership","Kilmarnock vs Hearts","Kilmarnock","Hearts","Sky Sports Football","","","","","","","",""
"Minggu","15-03-2026","04:0","Football","","Kansas-City-Current vs Utah-Royals-FC","Kansas-City-Current","Utah-Royals-FC","NWSL+","","","","","","","",""
"Minggu","15-03-2026","04:0","Football","Eredivisie","Ajax vs Sparta-Rotterdam","Ajax","Sparta-Rotterdam","Premier Sports 1","TrillerTV+","","","","","","",""
"Minggu","15-03-2026","04:0","Ice-Hockey","NHL","Colorado-Avalanche vs Winnipeg-Jets","Colorado-Avalanche","Winnipeg-Jets","NHL.TV","","","","","","","",""
"Minggu","15-03-2026","04:0","Football","La Liga","Real-Madrid vs Elche","Real-Madrid","Elche","Disney+","","","","","","","",""
"Minggu","15-03-2026","04:5","Football","Ligue 1","Monaco vs Stade-Brestois","Monaco","Stade-Brestois","Ligue 1+","","","","","","","",""
"Minggu","15-03-2026","04:10","Rugby-Union","Six Nations 2026","France vs England","France","England","ITV1","ITVX","STV","STV Player","","","","",""
"Minggu","15-03-2026","04:30","Golf","","THE PLAYERS Championship","THE PLAYERS Championship","","Sky Sports Main Event","Sky Sports Golf","Sky Sports Ultra HDR","","","","","",""
"Minggu","15-03-2026","04:30","UFC","","MMA","MMA","","UFC Fight Pass","","","","","","","",""
"Minggu","15-03-2026","06:0","Ice-Hockey","NHL","New-York-Rangers vs Minnesota-Wild","New-York-Rangers","Minnesota-Wild","NHL.TV","","","","","","","",""
"Minggu","15-03-2026","06:0","Basketball","NBA","Boston-Celtics vs Washington-Wizards","Boston-Celtics","Washington-Wizards","NBA League Pass","","","","","","","",""
"Minggu","15-03-2026","06:15","Football","MLS","Columbus-Crew vs Nashville-SC","Columbus-Crew","Nashville-SC","Apple TV","","","","","","","",""
"Minggu","15-03-2026","06:30","Football","","Bay-FC vs Denver-Summit","Bay-FC","Denver-Summit","NWSL+","","","","","","","",""
"Minggu","15-03-2026","07:0","Football","","North-Carolina-Courage vs Racing-Louisville","North-Carolina-Courage","Racing-Louisville","NWSL+","","","","","","","",""
"Minggu","15-03-2026","07:0","Tennis","","BNP Paribas Open","BNP Paribas Open","","Sky Sports Main Event","Sky Sports Tennis","Sky Sports Ultra HDR","","","","","",""
"Minggu","15-03-2026","07:0","Ice-Hockey","NHL","Carolina-Hurricanes vs Tampa-Bay-Lightning","Carolina-Hurricanes","Tampa-Bay-Lightning","NHL.TV","","","","","","","",""
"Minggu","15-03-2026","07:0","Ice-Hockey","NHL","Los-Angeles-Kings vs New-Jersey-Devils","Los-Angeles-Kings","New-Jersey-Devils","Premier Sports 1","","","","","","","",""
"Minggu","15-03-2026","07:0","Ice-Hockey","NHL","Calgary-Flames vs New-York-Islanders","Calgary-Flames","New-York-Islanders","NHL.TV","","","","","","","",""
"Minggu","15-03-2026","07:0","Ice-Hockey","NHL","Toronto-Maple-Leafs vs Buffalo-Sabres","Toronto-Maple-Leafs","Buffalo-Sabres","NHL.TV","","","","","","","",""
"Minggu","15-03-2026","07:0","Ice-Hockey","NHL","San-Jose-Sharks vs Montreal-Canadiens","San-Jose-Sharks","Montreal-Canadiens","NHL.TV","","","","","","","",""
"Minggu","15-03-2026","07:30","Football","MLS","Charlotte-FC vs Inter-Miami-CF","Charlotte-FC","Inter-Miami-CF","Apple TV","","","","","","","",""
"Minggu","15-03-2026","07:30","Football","MLS","New-York-City-FC vs Colorado-Rapids","New-York-City-FC","Colorado-Rapids","Apple TV","","","","","","","",""
"Minggu","15-03-2026","07:30","Football","MLS","Orlando-City-SC vs CF-Montreal","Orlando-City-SC","CF-Montreal","Apple TV","","","","","","","",""
"Minggu","15-03-2026","07:30","Football","Brasileiro Série A","Botafogo vs Flamengo","Botafogo","Flamengo","Premier Sports 2","","","","","","","",""
"Minggu","15-03-2026","07:30","Ice-Hockey","NHL","Columbus-Blue-Jackets vs Philadelphia-Flyers","Columbus-Blue-Jackets","Philadelphia-Flyers","NHL.TV","","","","","","","",""
"Minggu","15-03-2026","08:0","UFC","","UFC Fight Night","UFC Fight Night","","TNT Sports 2","Discovery+ Premium","","","","","","",""
"Minggu","15-03-2026","08:0","Ice-Hockey","NHL","Detroit-Red-Wings vs Dallas-Stars","Detroit-Red-Wings","Dallas-Stars","NHL.TV","","","","","","","",""
"Minggu","15-03-2026","08:0","Basketball","NBA","Miami-Heat vs Orlando-Magic","Miami-Heat","Orlando-Magic","NBA League Pass","","","","","","","",""
